date,time,sender,message,Rule_Based_Sentiment,ML_Based_Sentiment
20/11/24,14:42,rohxn 03,We need 3 things for fridays submission ,Neutral,Neutral
21/11/24,10:19,Wifeyâ¤ï¸,<Media omitted>,Neutral,Neutral
21/11/24,10:47,Wifeyâ¤ï¸,https://www.slideshare.net/slideshow/attendance-management-system-using-face-recognition/249852705,Neutral,Neutral
21/11/24,10:47,Wifeyâ¤ï¸,https://www.slideshare.net/slideshow/face-recognition-attendance-system-85321885/85321885,Neutral,Neutral
22/11/24,10:03,Wifeyâ¤ï¸,<Media omitted>,Neutral,Neutral
22/11/24,10:03,rohxn 03,Nishita and ammu.... Pls do check this ppt and tell me if there is any error ok....,Negative,Positive
22/11/24,10:10,Wifeyâ¤ï¸,<Media omitted>,Neutral,Neutral
22/11/24,10:10,rohxn 03,So ppl overall everything is doneğŸ˜,Neutral,Neutral
22/11/24,10:11,rohxn 03,Just submit,Neutral,Neutral
22/11/24,10:21,Gass,<Media omitted>,Neutral,Neutral
22/11/24,10:22,Gass,In final project submission right?,Neutral,Neutral
27/01/25,19:49,rohxn 03,Seriously what the hell she is even reading,Negative,Negative
27/01/25,19:49,rohxn 03,Priya palğŸ˜­,Negative,Negative
27/01/25,19:49,Wifeyâ¤ï¸,ayyoo,Neutral,Neutral
27/01/25,19:49,Gass,Wt happened da myre,Neutral,Neutral
27/01/25,19:50,rohxn 03,Nothing daa.... The online class we r listening,Neutral,Neutral
27/01/25,19:50,Wifeyâ¤ï¸,she is from north ig,Neutral,Neutral
27/01/25,19:50,Gass,Which online class,Neutral,Neutral
27/01/25,19:50,Wifeyâ¤ï¸,soo she cant read it properly,Neutral,Neutral
27/01/25,19:50,rohxn 03,Yeah...... Sport vector antha,Positive,Positive
27/01/25,19:50,Wifeyâ¤ï¸,we paid ryt 3600 that one,Neutral,Neutral
27/01/25,19:50,Gass,Oh okkk,Neutral,Neutral
27/01/25,19:50,Gass,Enjoy,Positive,Neutral
27/01/25,19:51,Gass,<Media omitted>,Neutral,Neutral
27/01/25,19:51,Wifeyâ¤ï¸,and this one classification allaaa kilasification,Neutral,Neutral
27/01/25,19:51,rohxn 03,ğŸ˜­ğŸ˜­,Negative,Neutral
27/01/25,19:51,rohxn 03,I didn't understand a thing,Neutral,Neutral
27/01/25,19:51,Wifeyâ¤ï¸,karmaa,Neutral,Neutral
27/01/25,19:51,Gass,<Media omitted>,Neutral,Neutral
27/01/25,20:04,Wifeyâ¤ï¸,nishitaa,Neutral,Neutral
27/01/25,20:04,Wifeyâ¤ï¸,y u didn't respond ahh,Neutral,Neutral
27/01/25,20:04,Wifeyâ¤ï¸,ğŸ¤­,Positive,Neutral
27/01/25,20:04,rohxn 03,She is in some other duniyağŸ˜­,Negative,Neutral
27/01/25,20:06,Nishita ğŸª°,U read ??,Neutral,Neutral
27/01/25,20:06,Wifeyâ¤ï¸,achu read I didn't readğŸ˜†,Negative,Neutral
27/01/25,20:08,Nishita ğŸª°,I am not able to understand,Neutral,Neutral
27/01/25,20:08,Nishita ğŸª°,Y his making everyone read,Neutral,Neutral
27/01/25,20:08,Gass,<Media omitted>,Neutral,Neutral
27/01/25,20:09,Wifeyâ¤ï¸,who knows ayyo,Neutral,Neutral
27/01/25,20:09,Gass,<Media omitted>,Neutral,Neutral
27/01/25,20:12,rohxn 03,Hey i just went to peee......,Neutral,Neutral
27/01/25,20:12,rohxn 03,What happenedğŸ˜­ğŸ˜­,Negative,Neutral
27/01/25,20:12,rohxn 03,Yaaavoooo........ ğŸ‘‰ğŸ»ğŸ‘ˆğŸ»,Neutral,Neutral
27/01/25,20:12,Gass,<Media omitted>,Neutral,Neutral
27/01/25,20:12,Wifeyâ¤ï¸,correct,Neutral,Neutral
27/01/25,20:12,rohxn 03,ğŸ˜,Neutral,Neutral
27/01/25,20:13,Nishita ğŸª°,He is talking in terms of bioinformatics,Neutral,Neutral
27/01/25,20:13,Gass,Myre try this,Neutral,Neutral
27/01/25,20:13,Gass,Guna no cheating,Positive,Positive
27/01/25,20:14,rohxn 03,<Media omitted>,Neutral,Neutral
27/01/25,20:14,Wifeyâ¤ï¸,ahh illa illa he will read,Neutral,Neutral
27/01/25,20:14,Gass,Try try,Neutral,Neutral
27/01/25,20:14,rohxn 03,This shit is soo fancy.... Cant read a letterğŸ˜­,Negative,Negative
27/01/25,20:14,Gass,If its wrong also no problem,Negative,Negative
27/01/25,20:15,Gass,Just a try wtever you can,Neutral,Neutral
27/01/25,20:15,rohxn 03,Try giving normal txt can u,Positive,Positive
27/01/25,20:15,Gass,Ok wait,Positive,Positive
27/01/25,20:15,rohxn 03,To try..... First i have to understand what the shit they wrote rigjtğŸ˜­,Positive,Neutral
27/01/25,20:15,Gass,<Media omitted>,Neutral,Neutral
27/01/25,20:15,Gass,This,Neutral,Neutral
27/01/25,20:16,rohxn 03,Same font ryt,Neutral,Neutral
27/01/25,20:16,Gass,à²’à²‚à²¦à³ à²¬à³‡à²µà²°à³à²¸à²¿ à²•à³à²¡à³à²•,Neutral,Neutral
27/01/25,20:16,Gass,It's the same,Neutral,Neutral
27/01/25,20:16,rohxn 03,Ok ok,Positive,Positive
27/01/25,20:16,Gass,Try it now,Neutral,Neutral
27/01/25,20:18,rohxn 03,Endu bevarsi kuduka?,Neutral,Positive
27/01/25,20:19,Wifeyâ¤ï¸,1st word is wrong,Negative,Negative
27/01/25,20:19,Wifeyâ¤ï¸,endu allaa,Neutral,Neutral
27/01/25,20:19,rohxn 03,First letter is aa ee u u that shit ryt,Negative,Negative
27/01/25,20:19,Wifeyâ¤ï¸,no,Negative,Positive
27/01/25,20:19,rohxn 03,I dont know swarakshara that much,Neutral,Positive
27/01/25,20:19,rohxn 03,Bha??,Neutral,Neutral
27/01/25,20:19,Wifeyâ¤ï¸,it is ondu,Neutral,Neutral
27/01/25,20:19,Gass,First letter is o,Neutral,Neutral
27/01/25,20:20,Wifeyâ¤ï¸,ondu means one,Neutral,Neutral
27/01/25,20:20,rohxn 03,ğŸ¤¨ğŸ¤¨ğŸ¤¨thats what i told ryt aa ee uu anthağŸ¤¨,Neutral,Neutral
27/01/25,20:20,rohxn 03,Ooooooo ok ok,Positive,Positive
27/01/25,20:20,Wifeyâ¤ï¸,okok learn slowly no rush,Negative,Negative
27/01/25,20:20,rohxn 03,Kuduka means?,Neutral,Positive
27/01/25,20:20,Gass,Yeah It means ur one bevarsi kuduka ğŸ»,Positive,Positive
27/01/25,20:21,Wifeyâ¤ï¸,he will drink alottttttttttttttttt,Neutral,Neutral
27/01/25,20:21,rohxn 03,<Media omitted>,Neutral,Neutral
27/01/25,20:21,rohxn 03,Ooooo ok ok,Positive,Positive
27/01/25,20:22,Gass,<Media omitted>,Neutral,Neutral
27/01/25,20:22,rohxn 03,Write like this,Positive,Positive
27/01/25,20:23,Gass,à²«à²¸à³à²Ÿà³ à²¸à³à²Ÿà³‡à²œà³,Neutral,Neutral
27/01/25,20:23,Gass,It's actually english in Kannada lettersğŸ˜‚,Positive,Positive
27/01/25,20:23,rohxn 03,Ok ok,Positive,Positive
27/01/25,20:23,rohxn 03,Lemme guess,Neutral,Neutral
27/01/25,20:24,Wifeyâ¤ï¸,u 2 ppl separate agi txt madi because amma idare soo i cant delete each message,Neutral,Neutral
27/01/25,20:24,rohxn 03,First stage?,Neutral,Neutral
27/01/25,20:24,rohxn 03,Ok okğŸ˜†,Positive,Positive
27/01/25,20:24,Gass,Yeah,Positive,Positive
27/01/25,20:24,rohxn 03,<Media omitted>,Neutral,Neutral
27/01/25,20:24,Wifeyâ¤ï¸,correct,Neutral,Neutral
27/01/25,20:24,Wifeyâ¤ï¸,oh gof,Neutral,Neutral
27/01/25,20:24,Gass,<Media omitted>,Neutral,Neutral
27/01/25,20:24,Wifeyâ¤ï¸,okay okay txt separately ppl'sssssssss,Positive,Positive
27/01/25,20:24,rohxn 03,<Media omitted>,Neutral,Neutral
27/01/25,20:24,rohxn 03,Ok,Positive,Positive
27/01/25,20:25,Gass,Enough lesson for today,Neutral,Neutral
27/01/25,20:25,Gass,Let's continue tomorrow,Neutral,Neutral
27/01/25,20:25,Gass,<Media omitted>,Neutral,Neutral
15/02/25,18:42,rohxn 03,<Media omitted>,Neutral,Neutral
17/02/25,18:25,rohxn 03,*AICTE AND MSME Internship Opportunity @ IIT & IIM  IBM TOP MNCs is Now Open* ğŸŒŸğŸ“,Positive,Positive
27/02/25,11:45,Wifeyâ¤ï¸,<Media omitted>,Neutral,Neutral
27/02/25,11:46,Wifeyâ¤ï¸,This is tomorrows ppt,Neutral,Neutral
27/02/25,11:46,Wifeyâ¤ï¸,Nishita and Ammu pls do make this change:,Positive,Neutral
27/02/25,11:48,Wifeyâ¤ï¸,2. Complete problem statement slide,Negative,Negative
27/02/25,11:48,Wifeyâ¤ï¸,"3. ive done 3 literature work, in that the 2nd literature survey, pls add any image regarding that paper",Positive,Neutral
27/02/25,11:50,Wifeyâ¤ï¸,And last task:,Neutral,Neutral
27/02/25,21:31,rohxn 03,@919663957450  and @918799146002 ...... Pls do the above task,Positive,Positive
27/02/25,22:02,rohxn 03,Ppl atleast respondğŸ¤¦ğŸ»â€â™‚ï¸,Neutral,Neutral
27/02/25,22:20,Nishita ğŸª°,https://ieeexplore.ieee.org/abstract/document/9074302,Neutral,Negative
27/02/25,22:21,Wifeyâ¤ï¸,https://www.sciencedirect.com/science/article/pii/S1319157818303379,Neutral,Neutral
27/02/25,22:22,Wifeyâ¤ï¸,https://www.sciencedirect.com/science/article/abs/pii/S0169260722000062?via%3Dihub,Neutral,Neutral
27/02/25,22:34,Wifeyâ¤ï¸,<Media omitted>,Neutral,Neutral
27/02/25,22:34,Wifeyâ¤ï¸,"Nishitaa this is application slide, include this ppt, after literature survey",Neutral,Neutral
27/02/25,22:36,Wifeyâ¤ï¸,Objective and Motivation,Positive,Positive
27/02/25,22:37,Wifeyâ¤ï¸,"dont put the title as ""Objective and Motivation",Positive,Positive
27/02/25,23:33,Nishita ğŸª°,<Media omitted>,Neutral,Neutral
27/02/25,23:36,Nishita ğŸª°,"Rohan should explain the slides : Introduction, Problem Statement and Applications",Negative,Negative
27/02/25,23:36,Nishita ğŸª°,React to this msg with ğŸ‘ <This message was edited>,Neutral,Neutral
28/02/25,00:01,rohxn 03,"Rohan should explain the slides : Introduction, Problem Statement",Negative,Negative
28/02/25,00:02,rohxn 03,React with booty emoji!!ğŸ¤ŒğŸ»,Neutral,Neutral
28/02/25,00:08,Gass,Fire in the bootyğŸ˜ğŸ”¥,Negative,Neutral
28/02/25,09:27,Wifeyâ¤ï¸,<Media omitted>,Neutral,Neutral
28/02/25,10:44,Nishita ğŸª°,<Media omitted>,Neutral,Neutral
28/02/25,10:44,Nishita ğŸª°,<Media omitted>,Neutral,Neutral
28/02/25,10:44,Nishita ğŸª°,<Media omitted>,Neutral,Neutral
28/02/25,10:44,Nishita ğŸª°,<Media omitted>,Neutral,Neutral
28/02/25,10:44,Nishita ğŸª°,<Media omitted>,Neutral,Neutral
28/02/25,10:44,Nishita ğŸª°,<Media omitted>,Neutral,Neutral
04/03/25,19:40,rohxn 03,People tomorrow we r presenting our ppt,Neutral,Neutral
04/03/25,19:40,Wifeyâ¤ï¸,oky,Neutral,Neutral
04/03/25,19:42,Gass,I will be there myre,Neutral,Neutral
04/03/25,19:42,Gass,When I have came out in between in that guys class ğŸ˜’,Neutral,Neutral
04/03/25,19:42,Gass,I only play in Manish classes ğŸ˜‚,Positive,Positive
04/03/25,19:43,rohxn 03,@918799146002 try running the other code exp 2,Neutral,Neutral
04/03/25,19:43,rohxn 03,ğŸ˜­ğŸ˜­,Negative,Neutral
04/03/25,19:44,Gass,<Media omitted>,Neutral,Neutral
04/03/25,19:47,Nishita ğŸª°,Should I use jupyter nb or colab ??,Neutral,Neutral
04/03/25,20:01,rohxn 03,JN is fyn,Neutral,Neutral
04/03/25,23:36,Nishita ğŸª°,Rohan,Neutral,Neutral
04/03/25,23:36,rohxn 03,Yeah,Positive,Positive
04/03/25,23:36,Nishita ğŸª°,I have ran all codes of exp2,Neutral,Neutral
04/03/25,23:36,rohxn 03,Howzit,Neutral,Neutral
04/03/25,23:37,Nishita ğŸª°,We are getting 98 and 93 accuracy,Neutral,Positive
04/03/25,23:37,rohxn 03,<Media omitted>,Neutral,Neutral
04/03/25,23:37,Nishita ğŸª°,Like it is train and validation accuracy,Positive,Positive
04/03/25,23:37,rohxn 03,Ok fine.... Which model it is,Positive,Positive
04/03/25,23:37,rohxn 03,Which algo. Is used,Neutral,Neutral
04/03/25,23:37,rohxn 03,Cnn?,Neutral,Neutral
04/03/25,23:38,Nishita ğŸª°,Yaa,Neutral,Neutral
04/03/25,23:38,Nishita ğŸª°,And one code is matching ml algo code,Neutral,Neutral
04/03/25,23:38,rohxn 03,Can we plot a confusion matrix out of it??,Negative,Neutral
04/03/25,23:38,Nishita ğŸª°,Yes I think so,Positive,Positive
04/03/25,23:38,rohxn 03,Didnt understood,Neutral,Neutral
04/03/25,23:39,Nishita ğŸª°,<Media omitted>,Neutral,Neutral
04/03/25,23:39,Nishita ğŸª°,This one...,Neutral,Neutral
04/03/25,23:39,rohxn 03,Not today sleep now,Neutral,Neutral
04/03/25,23:39,Nishita ğŸª°,Okk,Neutral,Neutral
04/03/25,23:39,rohxn 03,Done!!,Neutral,Neutral
04/03/25,23:39,rohxn 03,We will use exp 2 code then,Neutral,Neutral
04/03/25,23:39,Nishita ğŸª°,For preliminary result we can use this,Neutral,Neutral
04/03/25,23:39,rohxn 03,Yep,Positive,Neutral
04/03/25,23:40,Nishita ğŸª°,Ok sir ğŸ‘,Positive,Positive
04/03/25,23:40,Nishita ğŸª°,You can cp2 timetable ??,Neutral,Neutral
04/03/25,23:40,rohxn 03,Yes i can,Positive,Positive
04/03/25,23:40,rohxn 03,What i canğŸ˜­,Negative,Neutral
04/03/25,23:40,Nishita ğŸª°,This message was deleted,Neutral,Neutral
04/03/25,23:40,rohxn 03,ğŸ¤¨ğŸ¤¨ğŸ¤¨,Neutral,Neutral
04/03/25,23:40,rohxn 03,Whaaat,Neutral,Neutral
04/03/25,23:41,rohxn 03,What me too,Neutral,Neutral
04/03/25,23:41,rohxn 03,I didn't understood,Neutral,Neutral
04/03/25,23:41,rohxn 03,Ur drunkğŸ¤¨ğŸ¤¨,Negative,Positive
04/03/25,23:41,Nishita ğŸª°,Meaning two exams a day,Neutral,Neutral
04/03/25,23:41,rohxn 03,Haa yass yasss,Neutral,Neutral
04/03/25,23:41,Wifeyâ¤ï¸,Is that u saw the cp2 timetable??,Neutral,Neutral
04/03/25,23:41,rohxn 03,ğŸ˜†,Positive,Neutral
04/03/25,23:41,Nishita ğŸª°,Yes I forgot to put that word,Positive,Positive
04/03/25,23:42,rohxn 03,Nale inda shuru maadbekkuğŸ¤ŒğŸ»,Neutral,Neutral
04/03/25,23:42,rohxn 03,Ass bite,Negative,Negative
04/03/25,23:42,Gass,<Media omitted>,Neutral,Neutral
04/03/25,23:42,rohxn 03,Ok then lemme have a seggzeee sleeep,Positive,Positive
04/03/25,23:42,rohxn 03,Daaattaaaaaaaa,Neutral,Neutral
04/03/25,23:42,rohxn 03,Gunnite,Neutral,Neutral
04/03/25,23:43,Gass,<Media omitted>,Neutral,Neutral
04/03/25,23:43,Nishita ğŸª°,ğŸ’¤ğŸ‘‹,Positive,Neutral
04/03/25,23:43,Wifeyâ¤ï¸,Byebye good nightğŸŒ™,Positive,Positive
05/03/25,09:35,rohxn 03,"Ppl, be there in class at 10 15",Neutral,Neutral
05/03/25,10:56,Nishita ğŸª°,<Media omitted>,Neutral,Neutral
05/03/25,12:05,Nishita ğŸª°,<Media omitted>,Neutral,Neutral
05/03/25,14:22,Nishita ğŸª°,<Media omitted>,Neutral,Neutral
05/03/25,14:22,Nishita ğŸª°,<Media omitted>,Neutral,Neutral
05/03/25,14:36,Gass,Myre when are we presenting,Neutral,Neutral
05/03/25,14:36,Gass,What time should I be there?,Neutral,Neutral
05/03/25,14:39,Wifeyâ¤ï¸,Come now,Neutral,Neutral
05/03/25,14:39,Wifeyâ¤ï¸,We will  Leave in 10 mins,Negative,Neutral
05/03/25,14:39,Gass,Okay,Positive,Positive
05/03/25,14:44,Wifeyâ¤ï¸,<Media omitted>,Neutral,Neutral
05/03/25,15:05,rohxn 03,"We got 3 literature surveys from google scholars, which are published after 2020",Neutral,Neutral
05/03/25,15:05,rohxn 03,They also  used  ferc 2013 dataset,Neutral,Neutral
05/03/25,15:41,Nishita ğŸª°,Vision Transformers (ViTs) â€“ ViT models trained on emotion datasets can achieve state-of-the-art results.,Positive,Positive
13/03/25,17:07,rohxn 03,<Media omitted>,Neutral,Neutral
13/03/25,17:07,rohxn 03,Read this and tell is it worth,Positive,Neutral
13/03/25,17:07,rohxn 03,What are ur opinions,Neutral,Neutral
13/03/25,17:28,Nishita ğŸª°,We have to attend this cie is there for this,Neutral,Neutral
13/03/25,17:29,Wifeyâ¤ï¸,cie??,Neutral,Neutral
13/03/25,17:29,rohxn 03,This workshop is a must??,Neutral,Neutral
13/03/25,17:30,Nishita ğŸª°,It is 2 credits,Positive,Neutral
13/03/25,17:30,Nishita ğŸª°,They mentioned,Neutral,Neutral
13/03/25,17:30,rohxn 03,Yeah i know,Positive,Positive
13/03/25,17:30,rohxn 03,But this is not must ryt,Neutral,Neutral
13/03/25,17:30,rohxn 03,Whoever attends should not miss a single day,Positive,Positive
13/03/25,17:30,rohxn 03,Thats what i guess they mentioned,Neutral,Neutral
13/03/25,17:31,Nishita ğŸª°,Idk they mentioned in the time table this subject,Negative,Neutral
13/03/25,17:32,Nishita ğŸª°,It's better u ask Sailaja Ma'am once,Positive,Positive
13/03/25,17:32,Nishita ğŸª°,Message her so that we get a clarity,Positive,Neutral
13/03/25,17:43,rohxn 03,<Media omitted>,Neutral,Neutral
13/03/25,17:43,rohxn 03,Ok,Positive,Positive
13/03/25,17:44,Wifeyâ¤ï¸,im scared ayyoooooooooooooo,Negative,Neutral
13/03/25,17:45,Nishita ğŸª°,Me toooo,Neutral,Neutral
13/03/25,17:45,Nishita ğŸª°,This message was deleted,Neutral,Neutral
13/03/25,17:46,Nishita ğŸª°,Are you texting her ??,Neutral,Neutral
13/03/25,17:49,rohxn 03,ğŸ˜,Positive,Neutral
13/03/25,17:49,rohxn 03,No this guy,Negative,Negative
13/03/25,17:49,rohxn 03,Edufyi,Neutral,Neutral
13/03/25,17:49,Wifeyâ¤ï¸,daaa,Neutral,Neutral
13/03/25,17:50,rohxn 03,If your performance and score is 78+ you will get,Neutral,Neutral
13/03/25,17:50,Wifeyâ¤ï¸,pick the call,Neutral,Neutral
13/03/25,17:50,rohxn 03,Haaa,Neutral,Neutral
13/03/25,17:50,rohxn 03,One more time,Neutral,Neutral
13/03/25,17:50,Nishita ğŸª°,What will you get ??,Neutral,Neutral
13/03/25,17:50,rohxn 03,Stipend,Neutral,Neutral
13/03/25,20:51,Nishita ğŸª°,Rohan,Neutral,Neutral
13/03/25,21:14,rohxn 03,Regarding what?,Neutral,Neutral
13/03/25,21:15,Nishita ğŸª°,Edufyi,Neutral,Neutral
13/03/25,21:15,rohxn 03,Nope,Neutral,Neutral
13/03/25,21:16,Nishita ğŸª°,Will they send mail or WhatsApp ??,Neutral,Neutral
13/03/25,21:27,rohxn 03,Absolute no idea!,Negative,Negative
14/03/25,08:44,rohxn 03,<Media omitted>,Neutral,Neutral
14/03/25,08:45,Wifeyâ¤ï¸,ğŸ˜³,Neutral,Neutral
14/03/25,08:45,Wifeyâ¤ï¸,When it is changed,Neutral,Neutral
14/03/25,08:45,Gass,Oh oh jolly jolly ğŸ¥³ğŸŒ,Positive,Positive
14/03/25,08:45,Gass,<Media omitted>,Neutral,Neutral
14/03/25,08:45,rohxn 03,Who knows,Neutral,Neutral
14/03/25,08:45,Wifeyâ¤ï¸,Great enjoy enjoy,Positive,Positive
14/03/25,08:46,Gass,Do U know the reason ğŸ¤£ğŸ¤£ğŸ¤£,Positive,Neutral
14/03/25,08:46,rohxn 03,Major told came here once and saw the food and made some changes,Neutral,Neutral
14/03/25,08:46,rohxn 03,Thats all i know,Neutral,Neutral
14/03/25,08:46,Gass,No no you are completely wrong ğŸ˜‚ğŸ˜‚,Positive,Positive
14/03/25,08:47,rohxn 03,Then??,Neutral,Neutral
14/03/25,08:47,Gass,When I was there in hostel fee was 1.13 lac,Neutral,Neutral
14/03/25,08:48,Gass,Simple money speaks everywhere ğŸ’€ğŸŒ,Neutral,Negative
14/03/25,08:49,rohxn 03,Oooooooooo,Neutral,Neutral
14/03/25,08:49,rohxn 03,Yes yes 22 k increased u know,Positive,Positive
14/03/25,08:50,rohxn 03,1.55 lakh,Neutral,Neutral
14/03/25,08:51,Gass,No for new students its 1.80 lacs,Negative,Negative
14/03/25,08:52,rohxn 03,Its not same for everyone??,Neutral,Neutral
14/03/25,08:52,Gass,One of my friend told me,Positive,Neutral
14/03/25,08:52,Gass,Obviously noğŸ˜‚ğŸ˜‚,Positive,Positive
14/03/25,08:53,Gass,Round of 70k hike,Neutral,Neutral
14/03/25,08:54,rohxn 03,ğŸ˜³ooooo,Neutral,Neutral
14/03/25,08:55,Gass,"Roughly 70,000 X 1000 students = 7,00,00,000 extra every year",Neutral,Neutral
14/03/25,08:55,Gass,What do you even need more than this ğŸ˜‚ğŸ˜‚ğŸ˜‚,Positive,Neutral
14/03/25,08:55,Gass,Obviously yesğŸ˜‚ğŸ˜‚ğŸ˜‚ğŸ˜‹,Positive,Positive
14/03/25,08:56,Gass,"1.8 lacs X 1000= 18,00,00,000ğŸŒ",Neutral,Neutral
14/03/25,08:57,Gass,And its rough there are more than 1000 students,Neutral,Neutral
14/03/25,08:57,Gass,They are saving more than 50% in this,Neutral,Neutral
14/03/25,08:57,Gass,And its called business ğŸ˜,Positive,Neutral
14/03/25,09:19,rohxn 03,TrueğŸ¤ŒğŸ»,Neutral,Neutral
14/03/25,09:20,rohxn 03,@918799146002 Text him,Neutral,Neutral
14/03/25,10:06,rohxn 03,Edufyi Tech Solutions.vcf (file attached),Neutral,Neutral
15/03/25,16:42,Wifeyâ¤ï¸,https://drive.google.com/drive/folders/126Q4qsWuXYU3rdCqp5ePu570A_F4HHsB?usp=sharing,Neutral,Neutral
15/03/25,18:55,rohxn 03,Nishitaaa one help,Positive,Neutral
15/03/25,18:55,rohxn 03,Exp 2,Neutral,Neutral
15/03/25,20:13,Nishita ğŸª°,Yes,Positive,Positive
15/03/25,20:14,Wifeyâ¤ï¸,Can u send the code and data set,Neutral,Neutral
15/03/25,20:14,Wifeyâ¤ï¸,code means ipynb file,Neutral,Neutral
15/03/25,20:14,Nishita ğŸª°,I already sent that in the zip file,Neutral,Neutral
15/03/25,20:16,Wifeyâ¤ï¸,is this??,Neutral,Neutral
15/03/25,20:17,Nishita ğŸª°,Yess,Neutral,Neutral
15/03/25,20:17,Nishita ğŸª°,This message was deleted,Neutral,Neutral
15/03/25,20:17,Nishita ğŸª°,This message was deleted,Neutral,Neutral
15/03/25,21:35,Wifeyâ¤ï¸,<Media omitted>,Neutral,Neutral
15/03/25,21:35,Wifeyâ¤ï¸,Updated exam timetable,Neutral,Neutral
15/03/25,21:53,rohxn 03,What is this minors 7 and 8,Neutral,Neutral
15/03/25,21:53,rohxn 03,Only one shit is there ryt,Negative,Neutral
15/03/25,21:56,rohxn 03,You deleted this message,Neutral,Neutral
15/03/25,21:56,rohxn 03,You deleted this message,Neutral,Neutral
15/03/25,21:58,rohxn 03,<Media omitted>,Neutral,Neutral
15/03/25,22:10,Wifeyâ¤ï¸,ahh only one but they will divide ryt some teams in day 1 other teams on other day,Neutral,Neutral
15/03/25,22:11,rohxn 03,Oooh ok,Positive,Positive
15/03/25,22:14,Nishita ğŸª°,@916238330557 can you ask Sailaja Ma'am if there will be classes during cie 2,Neutral,Positive
15/03/25,22:28,rohxn 03,I already asked a question ,Neutral,Neutral
15/03/25,22:31,Nishita ğŸª°,Tmr may be she will,Neutral,Neutral
15/03/25,22:38,rohxn 03,Yeah,Positive,Positive
16/03/25,09:33,rohxn 03,People..... Have u done with the form???,Neutral,Neutral
16/03/25,10:20,Wifeyâ¤ï¸,Not yet,Neutral,Neutral
16/03/25,10:35,rohxn 03,Try to complete soon..... Today is the dead line,Negative,Negative
16/03/25,19:19,Wifeyâ¤ï¸,This message was deleted,Neutral,Neutral
16/03/25,19:20,Wifeyâ¤ï¸,This message was deleted,Neutral,Neutral
16/03/25,19:20,rohxn 03,C block it is,Negative,Neutral
16/03/25,19:20,Gass,<Media omitted>,Neutral,Neutral
16/03/25,19:20,Wifeyâ¤ï¸,yes c block,Negative,Positive
16/03/25,19:21,Wifeyâ¤ï¸,nishita rohan Rohith  u ppl are in same room 403,Neutral,Neutral
16/03/25,19:21,rohxn 03,Shit.... So its a serious one,Negative,Negative
16/03/25,19:21,Wifeyâ¤ï¸,im in another room 402,Neutral,Neutral
16/03/25,19:21,Wifeyâ¤ï¸,daa,Neutral,Neutral
16/03/25,19:21,rohxn 03,Exam im talking about,Neutral,Neutral
16/03/25,19:21,Wifeyâ¤ï¸,haaa yes yes,Positive,Positive
16/03/25,19:23,Nishita ğŸª°,No I checked i am in different class,Negative,Positive
16/03/25,19:24,Nishita ğŸª°,Tmr is pe4 not pe3,Neutral,Neutral
16/03/25,19:24,Nishita ğŸª°,Check properly,Neutral,Neutral
16/03/25,19:24,rohxn 03,Which is this timetable,Neutral,Neutral
16/03/25,19:24,Nishita ğŸª°,Most probably pe3,Neutral,Neutral
16/03/25,19:24,Nishita ğŸª°,I think,Neutral,Neutral
16/03/25,19:25,Nishita ğŸª°,I mail they sent all the seating arrangements of every exam,Neutral,Neutral
16/03/25,19:25,rohxn 03,@919663957450 Edaaaa..... Chanagi noduğŸ˜†,Positive,Positive
16/03/25,19:25,Nishita ğŸª°,That's what ğŸ¤£,Positive,Neutral
16/03/25,19:25,Nishita ğŸª°,Idk in which world she is,Negative,Neutral
16/03/25,19:25,rohxn 03,If u can just sent the seating arrangement,Neutral,Neutral
16/03/25,19:26,Nishita ğŸª°,Logic u use how we 3 be in the same class having different electives,Neutral,Neutral
16/03/25,19:26,Nishita ğŸª°,Wait...........,Neutral,Neutral
16/03/25,19:26,Nishita ğŸª°,<Media omitted>,Neutral,Neutral
16/03/25,19:29,Wifeyâ¤ï¸,sorry,Negative,Negative
16/03/25,19:29,Wifeyâ¤ï¸,I didn't saw properly Im sorry,Negative,Negative
16/03/25,19:29,Wifeyâ¤ï¸,that was for pe3,Neutral,Neutral
16/03/25,19:57,rohxn 03,@919663957450 Dont forget to select cloud computing and data science as ur domain,Positive,Positive
17/03/25,19:11,rohxn 03,@919663957450 Have u filled the elective form?,Neutral,Neutral
17/03/25,19:29,Wifeyâ¤ï¸,yes,Positive,Positive
18/03/25,20:27,Wifeyâ¤ï¸,heyyy,Neutral,Neutral
18/03/25,20:27,Wifeyâ¤ï¸,<Media omitted>,Neutral,Neutral
18/03/25,20:27,Wifeyâ¤ï¸,this guy teaches toc,Neutral,Neutral
18/03/25,20:28,Wifeyâ¤ï¸,nishita and achu u remember,Neutral,Neutral
18/03/25,21:12,Nishita ğŸª°,Haan,Neutral,Neutral
18/03/25,21:13,Wifeyâ¤ï¸,see he is teaching toc,Neutral,Neutral
18/03/25,21:13,Wifeyâ¤ï¸,I cant belive,Neutral,Neutral
18/03/25,21:13,Nishita ğŸª°,Ade,Neutral,Neutral
18/03/25,21:13,Nishita ğŸª°,Thank God he is not the faculty,Positive,Positive
18/03/25,21:14,Wifeyâ¤ï¸,ufff,Neutral,Neutral
18/03/25,21:14,Wifeyâ¤ï¸,he has youtube channel and alll,Neutral,Neutral
18/03/25,21:14,Wifeyâ¤ï¸,and workin in college,Neutral,Neutral
18/03/25,21:14,Nishita ğŸª°,OMG ğŸ˜³,Neutral,Neutral
18/03/25,21:16,Wifeyâ¤ï¸,ğŸ¤¦ğŸ»â€â™€ï¸ayyo,Neutral,Neutral
18/03/25,21:21,Wifeyâ¤ï¸,hey,Neutral,Neutral
18/03/25,21:21,Wifeyâ¤ï¸,all fill the form,Neutral,Neutral
18/03/25,21:21,Wifeyâ¤ï¸,10th and 12th percentage,Neutral,Neutral
18/03/25,21:21,Wifeyâ¤ï¸,he mailed again,Neutral,Neutral
18/03/25,21:22,Nishita ğŸª°,We don't have any other work right,Neutral,Neutral
18/03/25,21:23,Nishita ğŸª°,ğŸ¤¦â€â™€ï¸,Neutral,Neutral
18/03/25,21:23,Wifeyâ¤ï¸,That's what,Neutral,Neutral
18/03/25,21:26,Nishita ğŸª°,Where is he ?? He is not online I think,Neutral,Neutral
18/03/25,21:27,Wifeyâ¤ï¸,YES,Positive,Positive
18/03/25,22:20,rohxn 03,ğŸ˜³ğŸ˜³,Neutral,Neutral
18/03/25,22:20,rohxn 03,This guy has a yt channel??,Neutral,Neutral
18/03/25,22:20,Wifeyâ¤ï¸,Yes,Positive,Positive
18/03/25,22:21,rohxn 03,With 6 lakh subscribersaaağŸ˜³,Neutral,Neutral
18/03/25,22:21,Wifeyâ¤ï¸,He came to invigilate for us today,Neutral,Neutral
18/03/25,22:21,Wifeyâ¤ï¸,Ufff,Neutral,Neutral
18/03/25,22:21,Wifeyâ¤ï¸,And working in rv college,Neutral,Neutral
18/03/25,22:21,rohxn 03,Ur bestie.... I knowğŸ˜,Positive,Positive
18/03/25,22:21,rohxn 03,AtgeğŸ¤ŒğŸ»,Neutral,Neutral
18/03/25,22:21,Wifeyâ¤ï¸,Chee,Neutral,Neutral
18/03/25,22:22,Wifeyâ¤ï¸,Ufff money rain ide avanhatra,Neutral,Neutral
18/03/25,22:22,rohxn 03,ğŸ˜†truee,Positive,Neutral
19/03/25,15:55,Nishita ğŸª°,<Media omitted>,Neutral,Neutral
19/03/25,16:39,rohxn 03,Athul doesnt know any other than annapurnağŸ˜Š,Positive,Positive
19/03/25,16:40,Wifeyâ¤ï¸,Howda bere??,Neutral,Neutral
19/03/25,18:31,rohxn 03,What did shailaja maam told,Neutral,Neutral
19/03/25,18:32,Nishita ğŸª°,You woke up,Neutral,Neutral
19/03/25,18:32,rohxn 03,Haaa,Neutral,Neutral
19/03/25,18:32,rohxn 03,Now,Neutral,Neutral
19/03/25,18:32,Nishita ğŸª°,How many times we should call you,Neutral,Neutral
19/03/25,18:32,Nishita ğŸª°,Wait I will call you,Neutral,Neutral
19/03/25,18:32,rohxn 03,Nope,Neutral,Neutral
19/03/25,18:32,rohxn 03,Not now,Neutral,Neutral
19/03/25,18:32,rohxn 03,Ill call later,Negative,Neutral
19/03/25,18:33,Nishita ğŸª°,It is imp,Neutral,Neutral
19/03/25,18:33,Nishita ğŸª°,If you want to know about Guna bcoz she cant call now or msg you,Positive,Neutral
19/03/25,18:34,Nishita ğŸª°,Neither me,Neutral,Positive
19/03/25,18:34,rohxn 03,Know about her??,Neutral,Neutral
19/03/25,18:34,rohxn 03,Where u ppl are,Neutral,Neutral
19/03/25,18:34,rohxn 03,Lemme reach my room,Neutral,Neutral
19/03/25,18:34,Nishita ğŸª°,We left clg at 5:45,Neutral,Neutral
19/03/25,18:34,Nishita ğŸª°,Where are you ??,Neutral,Neutral
19/03/25,18:36,rohxn 03,Going to my room,Neutral,Neutral
19/03/25,18:54,Nishita ğŸª°,https://chat.whatsapp.com/IaTxOUcfWFBLIFQ53FHgxv,Neutral,Neutral
19/03/25,21:59,rohxn 03,Tell tell,Neutral,Neutral
19/03/25,22:00,Nishita ğŸª°,Haan,Neutral,Neutral
19/03/25,22:00,Nishita ğŸª°,Tmr are you guys coming ??,Neutral,Neutral
19/03/25,22:02,rohxn 03,<Media omitted>,Neutral,Neutral
19/03/25,22:05,Nishita ğŸª°,That's ok,Positive,Positive
19/03/25,22:06,Nishita ğŸª°,But tmr are you coming as we have placement training and they sent some mail with qr code,Neutral,Neutral
19/03/25,22:06,Nishita ğŸª°,Then maybe it's imp,Neutral,Neutral
19/03/25,22:07,Nishita ğŸª°,And one more thing we have to register for the workshop,Neutral,Neutral
19/03/25,22:07,Nishita ğŸª°,Form we need to fill,Neutral,Neutral
19/03/25,22:09,Wifeyâ¤ï¸,can u send the register form or link whatever,Neutral,Neutral
19/03/25,22:10,Nishita ğŸª°,Link is not there we have to directly click and it opens,Neutral,Neutral
19/03/25,22:27,rohxn 03,Our programme will be over by 1 or 1 30,Neutral,Neutral
19/03/25,22:27,rohxn 03,No worries,Positive,Positive
19/03/25,22:27,rohxn 03,Tomorrow we can do that ryt?,Neutral,Neutral
19/03/25,22:27,Nishita ğŸª°,Ok,Positive,Positive
19/03/25,22:27,Nishita ğŸª°,Yes,Positive,Positive
19/03/25,22:40,Wifeyâ¤ï¸,IM GOING TO REGISTER OK,Positive,Positive
19/03/25,22:40,Wifeyâ¤ï¸,MINE AND ACHU URS,Neutral,Neutral
19/03/25,22:40,Wifeyâ¤ï¸,NISHITA DID U REGISTER,Neutral,Neutral
19/03/25,22:40,rohxn 03,Why ur shoutingğŸ¤¨,Neutral,Neutral
19/03/25,22:40,Wifeyâ¤ï¸,eeeee,Neutral,Neutral
19/03/25,22:40,Wifeyâ¤ï¸,u r not in insta wt r u f=doing here,Neutral,Neutral
19/03/25,22:40,Nishita ğŸª°,No,Negative,Positive
19/03/25,22:40,Wifeyâ¤ï¸,y,Neutral,Neutral
19/03/25,22:40,Wifeyâ¤ï¸,when we will submot,Neutral,Neutral
19/03/25,22:41,Nishita ğŸª°,He said we will do tmr,Neutral,Neutral
19/03/25,22:41,Nishita ğŸª°,So,Neutral,Neutral
19/03/25,22:41,Wifeyâ¤ï¸,someone should remind,Neutral,Neutral
19/03/25,22:41,Wifeyâ¤ï¸,w=if we forget we don't know,Negative,Positive
19/03/25,22:41,Wifeyâ¤ï¸,and keep remainder in phones,Neutral,Neutral
19/03/25,22:42,Wifeyâ¤ï¸,eeeee,Neutral,Neutral
19/03/25,22:42,Wifeyâ¤ï¸,just for our good eeeeeeee,Positive,Positive
19/03/25,22:43,rohxn 03,ğŸ˜­ğŸ˜­,Negative,Neutral
19/03/25,22:45,Wifeyâ¤ï¸,Poda patti <This message was edited>,Neutral,Neutral
19/03/25,22:45,Nishita ğŸª°,What happened to her ??,Neutral,Neutral
19/03/25,22:45,Nishita ğŸª°,She is gonna mad,Negative,Negative
19/03/25,22:45,Wifeyâ¤ï¸,Ah if all forget na then we will understand,Negative,Neutral
19/03/25,22:46,Nishita ğŸª°,Karme ve ğŸ¤¦â€â™€ï¸,Neutral,Neutral
19/03/25,22:47,Gass,English murderd successfully â˜ ï¸ğŸ˜,Positive,Positive
19/03/25,22:47,Wifeyâ¤ï¸,Yes,Positive,Positive
19/03/25,22:48,rohxn 03,U tooğŸ˜†,Positive,Neutral
19/03/25,22:48,Wifeyâ¤ï¸,I did that,Neutral,Neutral
19/03/25,22:48,Wifeyâ¤ï¸,ğŸ˜,Positive,Neutral
19/03/25,22:48,rohxn 03,ğŸ¤¨,Neutral,Neutral
19/03/25,22:48,Wifeyâ¤ï¸,Eeee,Neutral,Neutral
19/03/25,22:48,rohxn 03,Why my emoji isnt live,Neutral,Neutral
19/03/25,22:48,rohxn 03,ğŸ˜‰,Neutral,Neutral
19/03/25,22:48,Gass,I do it wantedly,Neutral,Neutral
19/03/25,22:48,rohxn 03,Haa yass,Neutral,Neutral
19/03/25,22:48,Gass,We are vatal nagraj fansğŸ˜ğŸ˜‚,Positive,Positive
19/03/25,22:49,Wifeyâ¤ï¸,Rohith they don't know who is he,Neutral,Neutral
19/03/25,22:49,Gass,No problem let them do a research on him ğŸ˜’,Positive,Positive
19/03/25,22:50,Wifeyâ¤ï¸,ğŸ˜†,Positive,Neutral
19/03/25,22:50,Gass,He is the man who made our school days betterğŸ™,Positive,Positive
20/03/25,13:10,Wifeyâ¤ï¸,@918799146002 bvc elli idyaaa,Neutral,Neutral
20/03/25,13:13,Nishita ğŸª°,Pg,Neutral,Neutral
20/03/25,13:13,Nishita ğŸª°,I didn't come to clg today,Neutral,Neutral
20/03/25,13:18,rohxn 03,U will not come to Meeting also,Neutral,Neutral
20/03/25,13:19,rohxn 03,Nishita,Neutral,Neutral
20/03/25,15:43,Nishita ğŸª°,Glassdoor website for placement drive,Neutral,Neutral
22/03/25,17:43,rohxn 03,<Media omitted>,Neutral,Neutral
22/03/25,17:43,rohxn 03,<Media omitted>,Neutral,Neutral
22/03/25,17:44,rohxn 03,@916364562073 Edaaa ur cie submission ok,Positive,Positive
22/03/25,17:44,rohxn 03,U can submit from ur phone no worries,Positive,Positive
22/03/25,17:45,Nishita ğŸª°,@916238330557 can you send your photos if possible?? I wanted to see,Neutral,Neutral
22/03/25,17:45,rohxn 03,<Media omitted>,Neutral,Neutral
22/03/25,17:45,rohxn 03,This one,Neutral,Neutral
22/03/25,17:46,Nishita ğŸª°,Only one ??,Neutral,Neutral
22/03/25,17:46,rohxn 03,Other one lemme seee,Neutral,Neutral
22/03/25,17:46,Nishita ğŸª°,Ok,Positive,Positive
22/03/25,17:47,rohxn 03,<Media omitted>,Neutral,Neutral
22/03/25,17:47,rohxn 03,<Media omitted>,Neutral,Neutral
22/03/25,17:47,rohxn 03,<Media omitted>,Neutral,Neutral
22/03/25,17:47,rohxn 03,<Media omitted>,Neutral,Neutral
22/03/25,17:47,Wifeyâ¤ï¸,â¤â¤,Positive,Neutral
22/03/25,17:48,Wifeyâ¤ï¸,Sooo good,Positive,Positive
22/03/25,17:48,rohxn 03,ğŸ˜ğŸ˜ğŸ˜,Positive,Neutral
22/03/25,17:48,Nishita ğŸª°,So nice these pics are,Positive,Positive
22/03/25,17:48,Wifeyâ¤ï¸,Thumbaaa chanagide,Neutral,Neutral
22/03/25,17:48,Nishita ğŸª°,Good work ğŸ¥°,Positive,Positive
22/03/25,17:48,rohxn 03,Nobody bring the props u know......,Neutral,Neutral
22/03/25,17:49,Wifeyâ¤ï¸,Ahhh great work chuğŸ¥°,Positive,Positive
22/03/25,17:49,rohxn 03,Denkyu,Neutral,Neutral
22/03/25,17:49,Nishita ğŸª°,See hardwork pays u,Neutral,Neutral
22/03/25,17:49,Wifeyâ¤ï¸,ğŸ¥°,Positive,Neutral
22/03/25,17:49,Nishita ğŸª°,ğŸ¥°,Positive,Neutral
22/03/25,17:50,Nishita ğŸª°,@916238330557 say thanks to me also. I also appreciated your work bvc,Positive,Positive
22/03/25,17:51,rohxn 03,Ayyooo sorry..... Denkyuuuuuuuuu,Negative,Negative
22/03/25,17:52,Nishita ğŸª°,Ahh okk,Neutral,Neutral
22/03/25,21:07,rohxn 03,@916364562073 Edaa naale we r going to an ngo,Neutral,Neutral
22/03/25,21:09,Gass,No da i told you na i have myself arranged a function a Tommorow on occasion of my parents 25th year anniversary,Negative,Negative
22/03/25,21:32,Nishita ğŸª°,@916238330557 @919663957450 ,Neutral,Neutral
22/03/25,21:32,Nishita ğŸª°,<Media omitted>,Neutral,Neutral
22/03/25,21:32,Nishita ğŸª°,<Media omitted>,Neutral,Neutral
22/03/25,21:33,Nishita ğŸª°,My junior we need these printouts,Neutral,Neutral
22/03/25,21:33,Wifeyâ¤ï¸,Printouts doubt,Negative,Neutral
22/03/25,21:33,Wifeyâ¤ï¸,Who will open that early,Neutral,Neutral
22/03/25,21:33,Nishita ğŸª°,Ade,Neutral,Neutral
22/03/25,21:33,Nishita ğŸª°,Let's see,Neutral,Neutral
22/03/25,21:34,Wifeyâ¤ï¸,Ok,Positive,Positive
22/03/25,21:34,Wifeyâ¤ï¸,Now go all sleep,Neutral,Neutral
22/03/25,21:34,Nishita ğŸª°,Where is he ?? He didn't see the msg,Neutral,Neutral
22/03/25,21:34,Wifeyâ¤ï¸,Haa he will see no worries,Positive,Positive
22/03/25,21:35,Nishita ğŸª°,Haan okk,Neutral,Neutral
22/03/25,21:35,Nishita ğŸª°,Check everything once before leaving,Neutral,Neutral
22/03/25,21:35,Wifeyâ¤ï¸,Wokey <This message was edited>,Neutral,Neutral
22/03/25,21:36,Nishita ğŸª°,Ok then,Positive,Positive
22/03/25,21:36,Nishita ğŸª°,Good night ğŸ˜´,Positive,Positive
22/03/25,21:36,Nishita ğŸª°,@919663957450 don't forget to call us in the morning,Positive,Positive
22/03/25,21:36,Wifeyâ¤ï¸,Good night,Positive,Positive
22/03/25,21:36,Wifeyâ¤ï¸,Sure I'll,Positive,Positive
22/03/25,21:36,Wifeyâ¤ï¸,KEEP YOUR RINGTONE MAX VOLUME,Neutral,Neutral
22/03/25,21:36,Nishita ğŸª°,Tata ğŸ‘‹ğŸ‘‹ğŸ‘‹ğŸ‘‹,Positive,Neutral
22/03/25,21:37,Nishita ğŸª°,Okkk,Neutral,Neutral
22/03/25,21:37,Wifeyâ¤ï¸,Okok,Neutral,Neutral
22/03/25,21:37,rohxn 03,Oooooo,Neutral,Neutral
22/03/25,21:38,rohxn 03,Nanna call maadu yellaaaru,Neutral,Neutral
22/03/25,21:38,rohxn 03,Mmaaaaaa,Neutral,Neutral
22/03/25,21:38,Wifeyâ¤ï¸,Ahhh ahhh,Neutral,Neutral
22/03/25,21:38,Wifeyâ¤ï¸,Read this carefully,Positive,Neutral
22/03/25,21:38,rohxn 03,ğŸ˜ğŸ˜,Positive,Neutral
22/03/25,21:45,Gass,Banni yalarau,Neutral,Neutral
22/03/25,21:45,Gass,Yalaru*,Neutral,Neutral
22/03/25,21:45,Gass,After ngo work,Neutral,Neutral
22/03/25,21:46,Gass,Which place are you ppl going,Neutral,Neutral
23/03/25,05:02,rohxn 03,Did everyone woke!!,Neutral,Neutral
23/03/25,05:03,Nishita ğŸª°,I woke,Neutral,Neutral
23/03/25,05:08,rohxn 03,Nishita bring sunscreen if u have one for u,Neutral,Neutral
23/03/25,05:09,Gass,<Media omitted>,Neutral,Neutral
23/03/25,05:09,rohxn 03,U woke,Neutral,Neutral
23/03/25,05:09,Gass,I should go to the market ğŸ™‚,Positive,Neutral
23/03/25,05:10,rohxn 03,ğŸ˜³ for what,Neutral,Neutral
23/03/25,05:10,rohxn 03,Reason,Neutral,Neutral
23/03/25,05:10,Gass,For fresh vegetables and items,Positive,Positive
23/03/25,05:10,Gass,I told na myre i have arranged a function today,Neutral,Neutral
23/03/25,05:10,Gass,For cooking we should bring things na,Neutral,Neutral
23/03/25,05:11,Gass,If we go early in the morning we will get everything fresh aduke i woke early,Positive,Positive
23/03/25,05:15,rohxn 03,Oooh yass yass,Neutral,Neutral
23/03/25,05:16,Gass,Haa,Neutral,Neutral
23/03/25,05:18,Gass,Where are you going today?,Neutral,Neutral
23/03/25,05:18,Gass,Which area?,Neutral,Neutral
23/03/25,05:32,rohxn 03,@918799146002 Leave at 5 35 to 5 40 ok,Positive,Positive
23/03/25,05:32,rohxn 03,Place they only knows,Neutral,Neutral
23/03/25,05:39,Wifeyâ¤ï¸,I'm the 1st,Neutral,Neutral
23/03/25,05:39,rohxn 03,Kindi i woke before u idiot,Negative,Negative
23/03/25,05:40,rohxn 03,Ee bvc elli idhe?,Neutral,Neutral
23/03/25,05:40,rohxn 03,I left the hostel,Neutral,Neutral
23/03/25,05:41,Wifeyâ¤ï¸,Poda patti,Neutral,Neutral
23/03/25,05:41,rohxn 03,Where r u madam,Neutral,Neutral
23/03/25,05:42,Wifeyâ¤ï¸,I'm still in home,Neutral,Neutral
23/03/25,05:42,Wifeyâ¤ï¸,I'm ready okay,Positive,Positive
23/03/25,05:42,rohxn 03,Fine fine,Positive,Positive
23/03/25,05:42,Wifeyâ¤ï¸,Red tshirt,Neutral,Neutral
23/03/25,05:42,Wifeyâ¤ï¸,Black pant,Neutral,Neutral
23/03/25,05:42,rohxn 03,Green and black,Neutral,Neutral
23/03/25,05:42,Wifeyâ¤ï¸,Pink hoodie,Neutral,Neutral
23/03/25,05:42,Wifeyâ¤ï¸,U?,Neutral,Neutral
23/03/25,05:42,rohxn 03,Haa,Neutral,Neutral
23/03/25,05:42,Wifeyâ¤ï¸,Good good,Positive,Positive
23/03/25,05:42,Wifeyâ¤ï¸,Insta alli come,Neutral,Neutral
23/03/25,05:43,Wifeyâ¤ï¸,I'm leaving,Neutral,Neutral
23/03/25,05:43,rohxn 03,Heyy ivagayaaa,Neutral,Neutral
23/03/25,05:44,rohxn 03,Avalu innu bandillaa,Neutral,Neutral
23/03/25,05:44,Wifeyâ¤ï¸,Call,Neutral,Neutral
23/03/25,05:44,Wifeyâ¤ï¸,We have to catch 3 bus,Neutral,Neutral
23/03/25,05:44,rohxn 03,ğŸ¤¨,Neutral,Neutral
23/03/25,05:44,rohxn 03,Naan en maadli ee bvc bandillaa innu,Neutral,Neutral
23/03/25,05:44,Gass,Guna yav area hogtha irodu,Neutral,Neutral
23/03/25,05:46,Wifeyâ¤ï¸,Kumarswamy layout,Neutral,Neutral
23/03/25,05:46,Gass,Okay ok,Positive,Positive
23/03/25,05:50,Nishita ğŸª°,@916238330557 I have left 5 mins back,Neutral,Neutral
23/03/25,05:50,Nishita ğŸª°,I am near Pornima Palace,Neutral,Positive
23/03/25,05:51,rohxn 03,Im in that bus stop,Neutral,Neutral
23/03/25,05:51,Wifeyâ¤ï¸,Ppl,Neutral,Neutral
23/03/25,05:51,Nishita ğŸª°,Haan coming,Neutral,Neutral
23/03/25,05:51,Wifeyâ¤ï¸,I successfully forgot,Positive,Positive
23/03/25,05:51,Wifeyâ¤ï¸,One thing,Neutral,Neutral
23/03/25,05:51,rohxn 03,What,Neutral,Neutral
23/03/25,05:51,Wifeyâ¤ï¸,UmbrellağŸ˜,Positive,Neutral
23/03/25,05:51,rohxn 03,I have,Neutral,Neutral
23/03/25,05:52,Wifeyâ¤ï¸,Okay share okğŸ˜ğŸ˜,Positive,Positive
23/03/25,05:52,rohxn 03,ğŸ˜ˆsure,Positive,Positive
23/03/25,05:52,Wifeyâ¤ï¸,ğŸ˜,Positive,Neutral
23/03/25,05:53,rohxn 03,Dont chat im bike ammu,Neutral,Neutral
23/03/25,05:53,rohxn 03,On,Neutral,Neutral
23/03/25,05:53,Wifeyâ¤ï¸,Car,Neutral,Neutral
23/03/25,05:53,Wifeyâ¤ï¸,Dear,Positive,Neutral
23/03/25,05:53,Wifeyâ¤ï¸,ğŸ˜,Positive,Neutral
23/03/25,05:53,Wifeyâ¤ï¸,I'm in quarters,Neutral,Neutral
23/03/25,05:56,rohxn 03,Txt when u reach njanabharathi,Neutral,Positive
23/03/25,05:56,Wifeyâ¤ï¸,Sure,Positive,Positive
23/03/25,05:56,Wifeyâ¤ï¸,Did u took ur passport size pic,Neutral,Neutral
23/03/25,05:57,Wifeyâ¤ï¸,Hey I reached okay,Positive,Positive
23/03/25,05:57,rohxn 03,ğŸ˜‰yep,Neutral,Neutral
23/03/25,05:58,rohxn 03,Ammu we got bus,Neutral,Neutral
23/03/25,05:58,rohxn 03,KA 57 F 6546,Neutral,Neutral
23/03/25,16:13,Wifeyâ¤ï¸,null,Neutral,Neutral
23/03/25,16:13,Wifeyâ¤ï¸,<Media omitted>,Neutral,Neutral
23/03/25,16:13,Wifeyâ¤ï¸,<Media omitted>,Neutral,Neutral
23/03/25,16:13,Wifeyâ¤ï¸,<Media omitted>,Neutral,Neutral
23/03/25,16:13,Wifeyâ¤ï¸,<Media omitted>,Neutral,Neutral
23/03/25,16:13,Wifeyâ¤ï¸,<Media omitted>,Neutral,Neutral
23/03/25,16:13,Wifeyâ¤ï¸,<Media omitted>,Neutral,Neutral
23/03/25,16:13,Wifeyâ¤ï¸,<Media omitted>,Neutral,Neutral
23/03/25,16:13,Wifeyâ¤ï¸,<Media omitted>,Neutral,Neutral
23/03/25,16:13,Wifeyâ¤ï¸,<Media omitted>,Neutral,Neutral
23/03/25,16:13,Wifeyâ¤ï¸,<Media omitted>,Neutral,Neutral
23/03/25,16:13,Wifeyâ¤ï¸,<Media omitted>,Neutral,Neutral
23/03/25,16:13,Wifeyâ¤ï¸,<Media omitted>,Neutral,Neutral
23/03/25,16:13,Wifeyâ¤ï¸,<Media omitted>,Neutral,Neutral
23/03/25,16:13,Wifeyâ¤ï¸,<Media omitted>,Neutral,Neutral
23/03/25,16:13,Wifeyâ¤ï¸,<Media omitted>,Neutral,Neutral
23/03/25,16:13,Wifeyâ¤ï¸,<Media omitted>,Neutral,Neutral
23/03/25,16:13,Wifeyâ¤ï¸,<Media omitted>,Neutral,Neutral
23/03/25,16:13,Wifeyâ¤ï¸,null,Neutral,Neutral
23/03/25,16:13,Wifeyâ¤ï¸,<Media omitted>,Neutral,Neutral
23/03/25,16:13,Wifeyâ¤ï¸,<Media omitted>,Neutral,Neutral
23/03/25,16:13,Wifeyâ¤ï¸,<Media omitted>,Neutral,Neutral
23/03/25,16:13,Wifeyâ¤ï¸,<Media omitted>,Neutral,Neutral
23/03/25,16:13,Wifeyâ¤ï¸,<Media omitted>,Neutral,Neutral
23/03/25,16:13,Wifeyâ¤ï¸,<Media omitted>,Neutral,Neutral
23/03/25,16:13,Wifeyâ¤ï¸,<Media omitted>,Neutral,Neutral
23/03/25,16:13,Wifeyâ¤ï¸,<Media omitted>,Neutral,Neutral
23/03/25,16:13,Wifeyâ¤ï¸,<Media omitted>,Neutral,Neutral
23/03/25,16:13,Wifeyâ¤ï¸,<Media omitted>,Neutral,Neutral
23/03/25,16:13,Wifeyâ¤ï¸,<Media omitted>,Neutral,Neutral
23/03/25,16:13,Wifeyâ¤ï¸,<Media omitted>,Neutral,Neutral
23/03/25,16:13,Wifeyâ¤ï¸,<Media omitted>,Neutral,Neutral
23/03/25,16:13,Wifeyâ¤ï¸,<Media omitted>,Neutral,Neutral
23/03/25,16:13,Wifeyâ¤ï¸,<Media omitted>,Neutral,Neutral
23/03/25,16:13,Wifeyâ¤ï¸,<Media omitted>,Neutral,Neutral
23/03/25,16:13,Wifeyâ¤ï¸,<Media omitted>,Neutral,Neutral
23/03/25,16:13,Wifeyâ¤ï¸,<Media omitted>,Neutral,Neutral
23/03/25,16:13,Wifeyâ¤ï¸,<Media omitted>,Neutral,Neutral
23/03/25,16:13,Wifeyâ¤ï¸,<Media omitted>,Neutral,Neutral
23/03/25,16:13,Wifeyâ¤ï¸,<Media omitted>,Neutral,Neutral
23/03/25,16:13,Wifeyâ¤ï¸,<Media omitted>,Neutral,Neutral
23/03/25,16:13,Wifeyâ¤ï¸,<Media omitted>,Neutral,Neutral
23/03/25,16:13,Wifeyâ¤ï¸,<Media omitted>,Neutral,Neutral
23/03/25,16:13,Wifeyâ¤ï¸,<Media omitted>,Neutral,Neutral
23/03/25,16:13,Wifeyâ¤ï¸,<Media omitted>,Neutral,Neutral
23/03/25,17:53,Nishita ğŸª°,Hey guys,Neutral,Neutral
23/03/25,17:53,Nishita ğŸª°,Keep your certificates safe we need them in future,Positive,Positive
23/03/25,21:43,Nishita ğŸª°,https://unity.com/download,Neutral,Neutral
23/03/25,21:44,Nishita ğŸª°,https://unity.com/releases/editor/archive : 2021.3.49f1,Neutral,Neutral
23/03/25,21:45,Nishita ğŸª°,Download this can come tmr for workshop,Neutral,Neutral
23/03/25,21:45,Nishita ğŸª°,IMP ğŸ‘†,Neutral,Neutral
24/03/25,09:00,Wifeyâ¤ï¸,hey I cant see anything in his link,Neutral,Neutral
24/03/25,09:01,Wifeyâ¤ï¸,its showing 404 not found......,Neutral,Neutral
24/03/25,13:46,Wifeyâ¤ï¸,They are telling to take group photo,Neutral,Neutral
24/03/25,13:46,Wifeyâ¤ï¸,Nishita and achu,Neutral,Neutral
24/03/25,13:46,rohxn 03,When?,Neutral,Neutral
24/03/25,13:46,Nishita ğŸª°,Haan,Neutral,Neutral
24/03/25,13:46,Wifeyâ¤ï¸,Now right now,Neutral,Neutral
24/03/25,13:46,Nishita ğŸª°,Ok,Positive,Positive
24/03/25,13:46,rohxn 03,2 i clock saakaaa,Neutral,Neutral
24/03/25,13:47,rohxn 03,Im downloading adke,Neutral,Neutral
24/03/25,13:47,Nishita ğŸª°,I am coming,Neutral,Neutral
24/03/25,13:47,Wifeyâ¤ï¸,<Media omitted>,Neutral,Neutral
24/03/25,13:47,rohxn 03,Shit,Negative,Negative
24/03/25,13:47,rohxn 03,Where is this class,Neutral,Neutral
24/03/25,13:47,Nishita ğŸª°,But it will take 5 mins,Neutral,Neutral
24/03/25,13:47,rohxn 03,.....,Neutral,Neutral
24/03/25,13:47,Nishita ğŸª°,B block,Negative,Negative
24/03/25,13:47,rohxn 03,In b block where,Negative,Neutral
24/03/25,13:48,rohxn 03,Oooo near vending machine ryt,Neutral,Positive
24/03/25,13:48,Wifeyâ¤ï¸,Jon,Neutral,Neutral
24/03/25,13:48,Wifeyâ¤ï¸,Join,Positive,Positive
24/03/25,13:48,Wifeyâ¤ï¸,Vending machine,Neutral,Neutral
24/03/25,13:48,Wifeyâ¤ï¸,B block,Negative,Negative
24/03/25,13:49,Wifeyâ¤ï¸,Finished,Neutral,Neutral
24/03/25,13:49,Nishita ğŸª°,Haan,Neutral,Neutral
24/03/25,13:49,Nishita ğŸª°,It's ok,Positive,Positive
24/03/25,13:49,Wifeyâ¤ï¸,It's just a group photo needed  anthaa vidit told,Neutral,Neutral
24/03/25,13:49,Nishita ğŸª°,Fine,Positive,Positive
24/03/25,13:50,Nishita ğŸª°,Now come to a005,Neutral,Neutral
24/03/25,13:55,rohxn 03,Pls let me know when teacher enters the class,Positive,Positive
24/03/25,13:56,Wifeyâ¤ï¸,Ok,Positive,Positive
24/03/25,14:00,rohxn 03,@918799146002 is it downloading fast??,Neutral,Neutral
24/03/25,17:04,rohxn 03,<Media omitted>,Neutral,Neutral
24/03/25,17:04,rohxn 03,Nishita we got the certificate ok,Positive,Positive
24/03/25,17:11,Gass,Did they pay you ğŸ‘€ğŸ˜‚,Positive,Neutral
24/03/25,17:11,Gass,How much did you score?,Neutral,Neutral
24/03/25,17:18,Nishita ğŸª°,From u got ??,Neutral,Neutral
24/03/25,17:18,Nishita ğŸª°,How to do that ??,Neutral,Neutral
24/03/25,17:32,Wifeyâ¤ï¸,"Near ur pg printing shop will be there, if not naale baa here xerox shop is there right, or universitys also fine",Positive,Positive
24/03/25,17:33,Nishita ğŸª°,Rohan stop ğŸ˜¡,Negative,Neutral
24/03/25,17:33,Nishita ğŸª°,Don't irritate me,Positive,Positive
24/03/25,17:33,Gass,<Media omitted>,Neutral,Neutral
24/03/25,17:34,Wifeyâ¤ï¸,ğŸ¤£ğŸ¤£ğŸ¤£ğŸ¤£,Positive,Neutral
24/03/25,17:35,Gass,<Media omitted>,Neutral,Neutral
24/03/25,17:39,Nishita ğŸª°,@919663957450 I will call you later,Neutral,Neutral
24/03/25,17:40,Wifeyâ¤ï¸,Ok....,Neutral,Positive
24/03/25,18:36,Wifeyâ¤ï¸,<Media omitted>,Neutral,Neutral
24/03/25,18:38,Nishita ğŸª°,I got ğŸ‘†,Neutral,Neutral
24/03/25,18:38,Nishita ğŸª°,She had downloaded that in her phone,Neutral,Neutral
24/03/25,18:38,Nishita ğŸª°,Thank God ğŸ™,Positive,Positive
24/03/25,19:31,Wifeyâ¤ï¸,All credits goes to meğŸ˜,Positive,Positive
24/03/25,19:37,rohxn 03,<Media omitted>,Neutral,Neutral
25/03/25,16:46,Wifeyâ¤ï¸,null,Neutral,Neutral
25/03/25,16:46,Wifeyâ¤ï¸,<Media omitted>,Neutral,Neutral
25/03/25,16:46,Wifeyâ¤ï¸,<Media omitted>,Neutral,Neutral
25/03/25,16:46,Wifeyâ¤ï¸,<Media omitted>,Neutral,Neutral
25/03/25,16:46,Wifeyâ¤ï¸,<Media omitted>,Neutral,Neutral
25/03/25,20:38,rohxn 03,<Media omitted>,Neutral,Neutral
25/03/25,20:38,Nishita ğŸª°,Where are you bvc ??,Neutral,Neutral
25/03/25,20:39,Nishita ğŸª°,U went alone?? When ?,Negative,Neutral
25/03/25,20:39,Wifeyâ¤ï¸,seriously achu,Negative,Negative
25/03/25,20:39,Wifeyâ¤ï¸,alla r u seriou,Neutral,Neutral
25/03/25,20:40,Wifeyâ¤ï¸,one second atleast one sec nin wife remember agilavaa??,Neutral,Neutral
25/03/25,20:41,rohxn 03,Aaythu ammu,Neutral,Neutral
25/03/25,20:45,Gass,What is that myre?,Neutral,Neutral
25/03/25,20:45,Gass,Nale class thago,Neutral,Neutral
25/03/25,20:48,Wifeyâ¤ï¸,Haa,Neutral,Neutral
25/03/25,20:55,Gass,<Media omitted>,Neutral,Neutral
25/03/25,21:00,Wifeyâ¤ï¸,ğŸ™„,Neutral,Neutral
25/03/25,21:03,Gass,Online delivery madbeku,Neutral,Neutral
25/03/25,21:03,Gass,Ninne thindbitu one for you anthe ğŸ˜’,Neutral,Neutral
25/03/25,21:04,Wifeyâ¤ï¸,Hogli bidu thinli,Neutral,Positive
25/03/25,21:04,Gass,Ella Ella bekke beku nyaya beku,Neutral,Neutral
25/03/25,21:05,Gass,Vatal nagraj karsana yemme mele savari madsona,Neutral,Neutral
25/03/25,21:05,rohxn 03,Myre dont put ideas in her head,Neutral,Neutral
25/03/25,21:05,Gass,ğŸ¤£ğŸ¤£ğŸ¤£,Positive,Neutral
25/03/25,21:06,Gass,Scissors for your pocket âœ‚ï¸ğŸ˜‚,Positive,Positive
25/03/25,21:06,rohxn 03,ğŸ˜­ğŸ˜­,Negative,Neutral
25/03/25,21:06,Gass,ğŸ˜‚ğŸ˜‚ğŸ˜‚,Positive,Neutral
26/03/25,15:35,Gass,They told me not to give to anyone,Neutral,Neutral
26/03/25,15:35,Gass,Options note madkoli,Neutral,Neutral
26/03/25,15:35,Gass,Don't tell anyone,Neutral,Neutral
26/03/25,15:35,Wifeyâ¤ï¸,Haaa send madu pa,Neutral,Neutral
26/03/25,15:35,Gass,Paper no dout same for everyone,Negative,Negative
26/03/25,15:35,Gass,<Media omitted>,Neutral,Neutral
26/03/25,15:35,Wifeyâ¤ï¸,Ok,Positive,Positive
26/03/25,21:37,Gass,https://forms.gle/DMhEmGonFcG8miPr9,Neutral,Neutral
26/03/25,21:37,Gass,ARS01,Neutral,Neutral
26/03/25,21:37,Gass,Guys e form yest jana agutho avr athra fill madsi,Neutral,Neutral
26/03/25,21:37,Gass,This message was deleted,Neutral,Neutral
26/03/25,21:38,Gass,With this referral code,Neutral,Neutral
29/03/25,22:02,Nishita ğŸª°,<Media omitted>,Neutral,Neutral
29/03/25,22:02,Nishita ğŸª°,<Media omitted>,Neutral,Neutral
29/03/25,22:03,Nishita ğŸª°,Guna if possible bring both form printouts,Neutral,Neutral
29/03/25,22:20,Wifeyâ¤ï¸,okayy,Neutral,Neutral
31/03/25,09:37,rohxn 03,Heyyy,Neutral,Neutral
31/03/25,09:37,rohxn 03,I got letter from srinivasan ngo,Neutral,Neutral
31/03/25,09:37,rohxn 03,Whats next??,Neutral,Neutral
31/03/25,09:54,Nishita ğŸª°,Feedback form,Neutral,Neutral
31/03/25,09:58,Wifeyâ¤ï¸,I didn't got any,Neutral,Neutral
31/03/25,09:58,Wifeyâ¤ï¸,Got in whatsApp,Neutral,Neutral
31/03/25,09:58,Wifeyâ¤ï¸,ğŸ˜,Positive,Neutral
31/03/25,09:59,Nishita ğŸª°,Did Sir say anything about feedback form ??,Neutral,Neutral
31/03/25,09:59,Wifeyâ¤ï¸,Hey help me what should I reply back,Positive,Positive
31/03/25,09:59,Wifeyâ¤ï¸,<Media omitted>,Neutral,Neutral
31/03/25,10:00,Wifeyâ¤ï¸,What should I replyğŸ˜­ğŸ˜­,Negative,Neutral
31/03/25,10:00,Wifeyâ¤ï¸,Papaa we gave him lot work,Neutral,Neutral
31/03/25,10:00,Nishita ğŸª°,Say Thanks to him,Positive,Positive
31/03/25,10:00,Wifeyâ¤ï¸,That's it,Neutral,Neutral
31/03/25,10:00,Nishita ğŸª°,What else will you write ??,Neutral,Neutral
31/03/25,10:01,Wifeyâ¤ï¸,Nothing I thought to say sorry,Negative,Negative
31/03/25,10:01,Wifeyâ¤ï¸,Because he mentioned ryt only for us he wrote the letter,Neutral,Neutral
31/03/25,10:01,Nishita ğŸª°,Ok mention it then,Positive,Positive
31/03/25,10:02,Wifeyâ¤ï¸,Haa,Neutral,Neutral
31/03/25,10:04,Nishita ğŸª°,He didn't say anything about the feedback form ??,Neutral,Neutral
31/03/25,10:04,Wifeyâ¤ï¸,Nope,Neutral,Neutral
31/03/25,10:04,Nishita ğŸª°,What to do then ??,Neutral,Neutral
31/03/25,10:05,Wifeyâ¤ï¸,That achu want to ask astee,Positive,Positive
31/03/25,10:05,Wifeyâ¤ï¸,I can't ask again,Neutral,Neutral
31/03/25,10:05,Wifeyâ¤ï¸,How much we txted,Neutral,Neutral
31/03/25,10:05,Wifeyâ¤ï¸,I felt like we gave him lot of work,Positive,Positive
31/03/25,10:05,Wifeyâ¤ï¸,Because only for us he wrote a letter,Neutral,Neutral
31/03/25,10:06,Nishita ğŸª°,Ade,Neutral,Neutral
31/03/25,10:06,Nishita ğŸª°,Call him and tell him to text him or call him,Neutral,Neutral
31/03/25,10:06,Wifeyâ¤ï¸,Call he better I guess,Positive,Neutral
31/03/25,10:07,Wifeyâ¤ï¸,It's okay now achu's turn,Positive,Positive
31/03/25,10:07,Wifeyâ¤ï¸,Let him call and ask about the feedback form <This message was edited>,Neutral,Neutral
31/03/25,10:07,Nishita ğŸª°,Understood,Neutral,Neutral
31/03/25,10:09,Nishita ğŸª°,U call that bvc and tell do this task,Neutral,Neutral
31/03/25,10:09,Wifeyâ¤ï¸,I'm txting he saw,Neutral,Neutral
31/03/25,10:10,Wifeyâ¤ï¸,Oh u r talking to someone shoreeeğŸ˜,Positive,Positive
31/03/25,10:11,Nishita ğŸª°,Hmmm,Neutral,Neutral
31/03/25,10:57,rohxn 03,<Media omitted>,Neutral,Neutral
31/03/25,11:00,Gass,Guys has anyone of you completed the constitution of India assignment,Neutral,Neutral
31/03/25,11:20,Nishita ğŸª°,Don't use my dialogue on me only ğŸ‘¿,Negative,Negative
31/03/25,12:51,rohxn 03,U can't submit edaaaa,Neutral,Neutral
31/03/25,12:51,rohxn 03,Date mukithu,Neutral,Neutral
31/03/25,13:12,Gass,Ay i can,Neutral,Neutral
31/03/25,13:12,Gass,They have given time till today 5pm,Neutral,Neutral
31/03/25,13:13,Gass,Send madu myre,Neutral,Neutral
31/03/25,13:15,rohxn 03,Hey srinivasan sir told he done anthaa,Neutral,Neutral
31/03/25,13:15,rohxn 03,I don't have my lap kuttaaa,Neutral,Neutral
31/03/25,13:15,Gass,Ok what about Guna,Positive,Positive
31/03/25,13:16,Gass,Guna idre kalsamma submit madbidtini,Neutral,Neutral
01/04/25,13:02,rohxn 03,U got????,Neutral,Neutral
01/04/25,13:03,rohxn 03,Hey ppl today we need to  submit the report ryt???,Neutral,Neutral
01/04/25,13:03,rohxn 03,What and all to do......,Neutral,Neutral
01/04/25,13:03,rohxn 03,Ammu... Help me ok.... I dont have lap illi,Positive,Positive
01/04/25,21:46,rohxn 03,Put up Volunteer Painter,Neutral,Neutral
01/04/25,21:46,rohxn 03,This is what vidith told,Neutral,Neutral
01/04/25,21:50,Nishita ğŸª°,Use this if till 1/2 hour we don't get msg from the NGO person,Neutral,Neutral
01/04/25,21:52,rohxn 03,Ok..... Ammu put that report in our GCR and wait for half an hour,Neutral,Neutral
01/04/25,21:53,Wifeyâ¤ï¸,fine,Positive,Positive
01/04/25,21:54,Wifeyâ¤ï¸,ill just add like this ,Negative,Positive
01/04/25,22:19,rohxn 03,Heyyy,Neutral,Neutral
01/04/25,22:19,rohxn 03,No updates,Negative,Negative
01/04/25,22:19,rohxn 03,Shall we turn,Neutral,Neutral
01/04/25,22:20,Wifeyâ¤ï¸,ookayy,Neutral,Neutral
01/04/25,22:21,Nishita ğŸª°,Okk,Neutral,Neutral
01/04/25,22:22,Wifeyâ¤ï¸,then im going to subit,Neutral,Neutral
02/04/25,15:45,Wifeyâ¤ï¸,nishitaa and achu u both got 48 out of 50,Neutral,Neutral
02/04/25,16:51,Nishita ğŸª°,U ???,Neutral,Neutral
02/04/25,17:51,rohxn 03,ğŸ¤¨ğŸ¤¨,Neutral,Neutral
02/04/25,17:51,rohxn 03,On what,Neutral,Neutral
02/04/25,17:51,Wifeyâ¤ï¸,Constitution of india,Neutral,Neutral
02/04/25,17:52,rohxn 03,U,Neutral,Neutral
02/04/25,17:52,Wifeyâ¤ï¸,I got 46ğŸ™‚,Positive,Neutral
02/04/25,17:52,rohxn 03,Haavu,Neutral,Neutral
02/04/25,17:53,Gass,U haavu nağŸ˜‚ğŸğŸ,Positive,Neutral
02/04/25,17:53,rohxn 03,ğŸ˜­ğŸ˜­,Negative,Neutral
03/04/25,08:50,rohxn 03,@918799146002 Bring phone charger if u can,Neutral,Neutral
03/04/25,09:27,Nishita ğŸª°,I saw the msg,Neutral,Neutral
04/04/25,14:57,Nishita ğŸª°,https://www.kaggle.com/code/mohammedabdeldayem/facial-expression-recognition-using-vit,Neutral,Neutral
04/04/25,16:02,rohxn 03,ğŸ‘,Neutral,Neutral
04/04/25,20:38,rohxn 03,Ppl u done the payment?,Neutral,Neutral
04/04/25,21:10,Wifeyâ¤ï¸,Hey I didn't fill the form,Neutral,Neutral
04/04/25,21:10,Wifeyâ¤ï¸,Can I do it tomorrow,Neutral,Neutral
04/04/25,21:42,Nishita ğŸª°,Even I didn't,Neutral,Neutral
04/04/25,21:42,Nishita ğŸª°,I was asking my parents about that,Neutral,Neutral
05/04/25,13:40,Nishita ğŸª°,https://meet.google.com/mod-wvym-hvg,Neutral,Neutral
05/04/25,13:40,Nishita ğŸª°,@916238330557 @919663957450  Join now,Positive,Positive
05/04/25,13:59,Wifeyâ¤ï¸,join,Positive,Positive
05/04/25,13:59,Wifeyâ¤ï¸,join,Positive,Positive
05/04/25,14:03,Wifeyâ¤ï¸,Anik Acharjee <anika@rvu.edu.in>,Neutral,Neutral
05/04/25,14:04,Wifeyâ¤ï¸,muralidharb@rvu.edu.in,Neutral,Neutral
05/04/25,14:04,Wifeyâ¤ï¸,Muralidhar Billa,Neutral,Neutral
05/04/25,15:25,Nishita ğŸª°,@919663957450 and @916238330557 we will have a conference call in the evening,Neutral,Neutral
05/04/25,15:46,Wifeyâ¤ï¸,<Media omitted>,Neutral,Neutral
05/04/25,16:07,Nishita ğŸª°,U went there ??,Neutral,Neutral
05/04/25,16:07,Nishita ğŸª°,Without me ğŸ’”,Negative,Positive
05/04/25,16:19,Wifeyâ¤ï¸,"We called u bvc, u told ur security won't leave u inside",Positive,Positive
05/04/25,16:20,Nishita ğŸª°,I thought you will go to canteen,Neutral,Neutral
05/04/25,16:20,Nishita ğŸª°,I would have come from other side of road,Neutral,Neutral
05/04/25,16:20,Wifeyâ¤ï¸,"We also thought, alli enu illaa saturday ryt",Neutral,Neutral
05/04/25,16:21,Wifeyâ¤ï¸,Oooooh....... Next time be in class dont run to pg,Neutral,Neutral
05/04/25,16:21,Nishita ğŸª°,It's ok bidu,Positive,Positive
05/04/25,16:21,Nishita ğŸª°,I was tired da,Negative,Neutral
05/04/25,19:28,rohxn 03,Naale ngo illaaaa,Neutral,Neutral
05/04/25,19:28,rohxn 03,I called him,Neutral,Neutral
05/04/25,19:28,rohxn 03,Next week ide,Neutral,Neutral
05/04/25,19:47,Nishita ğŸª°,Okk,Neutral,Neutral
05/04/25,19:47,Nishita ğŸª°,Atleast complete the coding part of our mla project @916238330557,Neutral,Neutral
06/04/25,10:56,rohxn 03,<Media omitted>,Neutral,Neutral
06/04/25,10:56,rohxn 03,Ppl.....This is puttu by the way,Neutral,Neutral
06/04/25,10:56,rohxn 03,Who never saw this,Neutral,Neutral
06/04/25,10:57,Nishita ğŸª°,I know this ğŸ‘,Neutral,Neutral
06/04/25,18:40,Wifeyâ¤ï¸,<Media omitted>,Neutral,Neutral
06/04/25,18:40,Wifeyâ¤ï¸,<Media omitted>,Neutral,Neutral
06/04/25,18:40,Wifeyâ¤ï¸,This too ok!,Neutral,Positive
06/04/25,19:09,Nishita ğŸª°,import numpy as np,Positive,Positive
06/04/25,19:12,Nishita ğŸª°,pip install opencv-python,Neutral,Neutral
07/04/25,17:56,Nishita ğŸª°,<Media omitted>,Neutral,Neutral
07/04/25,17:56,Nishita ğŸª°,ğŸ‘†Imp for MLA cie 3 evaluation,Neutral,Neutral
07/04/25,22:06,rohxn 03,In a meeting nishita ,Neutral,Neutral
07/04/25,22:07,Gass,Dai,Neutral,Neutral
07/04/25,22:07,Gass,Call me back when you finish your meeting,Neutral,Neutral
07/04/25,22:11,Nishita ğŸª°,Ok,Positive,Positive
07/04/25,22:11,Nishita ğŸª°,Begaa call maduu,Neutral,Neutral
07/04/25,22:13,rohxn 03,<Media omitted>,Neutral,Neutral
07/04/25,22:13,rohxn 03,Haa finished,Neutral,Neutral
07/04/25,22:13,rohxn 03,Call,Neutral,Neutral
07/04/25,22:14,Gass,Ok but please check asap avnu submit madu andha,Positive,Positive
07/04/25,22:18,Wifeyâ¤ï¸,<Media omitted>,Neutral,Neutral
07/04/25,22:18,Wifeyâ¤ï¸,<Media omitted>,Neutral,Neutral
07/04/25,22:18,Wifeyâ¤ï¸,<Media omitted>,Neutral,Neutral
07/04/25,22:18,Wifeyâ¤ï¸,<Media omitted>,Neutral,Neutral
07/04/25,22:19,Wifeyâ¤ï¸,<Media omitted>,Neutral,Neutral
07/04/25,22:19,Wifeyâ¤ï¸,<Media omitted>,Neutral,Neutral
07/04/25,22:19,Wifeyâ¤ï¸,<Media omitted>,Neutral,Neutral
07/04/25,22:19,Gass,Raw? <This message was edited>,Neutral,Neutral
07/04/25,22:19,Wifeyâ¤ï¸,<Media omitted>,Neutral,Neutral
07/04/25,22:20,Wifeyâ¤ï¸,<Media omitted>,Neutral,Neutral
07/04/25,22:20,Wifeyâ¤ï¸,<Media omitted>,Neutral,Neutral
07/04/25,22:20,Wifeyâ¤ï¸,<Media omitted>,Neutral,Neutral
07/04/25,22:21,Gass,Ok thank you,Positive,Positive
07/04/25,22:22,Wifeyâ¤ï¸,<Media omitted>,Neutral,Neutral
07/04/25,22:22,Wifeyâ¤ï¸,<Media omitted>,Neutral,Neutral
07/04/25,22:22,Wifeyâ¤ï¸,<Media omitted>,Neutral,Neutral
07/04/25,22:23,Wifeyâ¤ï¸,<Media omitted>,Neutral,Neutral
07/04/25,22:23,Wifeyâ¤ï¸,<Media omitted>,Neutral,Neutral
08/04/25,13:05,Wifeyâ¤ï¸,"Nishita upload this file in colab and create a new cell for confusion matrix, I need that graph so",Neutral,Neutral
08/04/25,13:05,Wifeyâ¤ï¸,<Media omitted>,Neutral,Neutral
08/04/25,13:06,Wifeyâ¤ï¸,like this for cnn we should need,Positive,Positive
08/04/25,17:17,Nishita ğŸª°,TOC exam is on 15th Tuesday,Neutral,Neutral
08/04/25,17:17,Nishita ğŸª°,11:10 to 1:00,Neutral,Neutral
08/04/25,17:17,Nishita ğŸª°,Check timetable,Neutral,Neutral
08/04/25,19:20,Wifeyâ¤ï¸,Shistry Ma'am is on leave soo u ppl just call and ask her about your marks,Negative,Negative
08/04/25,19:26,Nishita ğŸª°,Guna should we msg her better,Positive,Positive
08/04/25,19:27,Nishita ğŸª°,??,Neutral,Neutral
08/04/25,19:27,Wifeyâ¤ï¸,Haa maduu pa,Neutral,Neutral
08/04/25,19:29,Wifeyâ¤ï¸,ğŸ™„,Neutral,Neutral
08/04/25,19:31,Nishita ğŸª°,Number kalsu,Positive,Positive
08/04/25,19:31,Wifeyâ¤ï¸,ahh,Neutral,Neutral
08/04/25,19:31,Wifeyâ¤ï¸,+91 96930 36030,Neutral,Neutral
08/04/25,20:15,rohxn 03,Whats this??,Neutral,Neutral
08/04/25,20:15,Wifeyâ¤ï¸,maam's no,Negative,Negative
08/04/25,20:15,Wifeyâ¤ï¸,shistry kumari,Neutral,Negative
08/04/25,20:18,rohxn 03,Okkk,Neutral,Neutral
08/04/25,20:19,rohxn 03,Hey @918799146002 How many references should we add on report,Neutral,Neutral
08/04/25,20:20,rohxn 03,@919663957450 Collect referemces from google scholars,Neutral,Neutral
08/04/25,20:28,Wifeyâ¤ï¸,ok,Positive,Positive
08/04/25,20:30,Wifeyâ¤ï¸,https://www.mdpi.com/1088298,Neutral,Neutral
08/04/25,20:31,Wifeyâ¤ï¸,like this??,Positive,Positive
08/04/25,20:33,Wifeyâ¤ï¸,chuu,Neutral,Neutral
08/04/25,20:35,Wifeyâ¤ï¸,"S. B. Musa and H. Tjandrasa, ""Analisis fitur sinyal emosi eeg berdasarkan hybrid decompotion"", ENERGY, vol. 7, no. 1, pp. 7-12, 2017.",Positive,Positive
08/04/25,20:35,Wifeyâ¤ï¸,or like this,Positive,Positive
08/04/25,20:36,Wifeyâ¤ï¸,@916238330557 is this how I supposed to do ?,Neutral,Neutral
08/04/25,20:56,Wifeyâ¤ï¸,FER REFERENCE,Neutral,Neutral
08/04/25,20:56,Wifeyâ¤ï¸,FER using ViT,Neutral,Neutral
08/04/25,20:56,Wifeyâ¤ï¸,like this Ive done .....,Positive,Positive
08/04/25,20:57,rohxn 03,Https should be there,Neutral,Neutral
08/04/25,20:57,rohxn 03,Like 2 and 3,Positive,Positive
08/04/25,20:57,Wifeyâ¤ï¸,Doi alla?,Neutral,Neutral
08/04/25,20:57,rohxn 03,When we click it should directly go to the webpage,Neutral,Neutral
08/04/25,20:57,Wifeyâ¤ï¸,In ppt we can make it as link <This message was edited>,Neutral,Neutral
08/04/25,20:58,rohxn 03,If we copy the line and paste will it redirect to the corresponding research paper??,Neutral,Neutral
08/04/25,20:58,rohxn 03,Then ok,Positive,Positive
08/04/25,20:58,Nishita ğŸª°,No he didn't ,Negative,Neutral
08/04/25,20:59,rohxn 03,Fine we'll give 5 each,Positive,Positive
08/04/25,20:59,Wifeyâ¤ï¸,yes,Positive,Positive
08/04/25,20:59,rohxn 03,Fine,Positive,Positive
08/04/25,21:00,Wifeyâ¤ï¸,should i search,Neutral,Neutral
08/04/25,21:00,Wifeyâ¤ï¸,other,Neutral,Neutral
08/04/25,21:00,rohxn 03,No need this is fyn,Negative,Positive
08/04/25,21:00,Wifeyâ¤ï¸,can u just check,Neutral,Neutral
08/04/25,21:01,Wifeyâ¤ï¸,whether it is directly going ot that page,Neutral,Neutral
08/04/25,21:01,rohxn 03,<Media omitted>,Neutral,Neutral
08/04/25,21:03,Wifeyâ¤ï¸,<Media omitted>,Neutral,Neutral
08/04/25,21:03,Wifeyâ¤ï¸,if i copy paste that DOI link it is howing like this,Positive,Positive
08/04/25,21:04,rohxn 03,<Media omitted>,Neutral,Neutral
08/04/25,21:08,Wifeyâ¤ï¸,FER REFERENCES ,Neutral,Neutral
08/04/25,21:09,Wifeyâ¤ï¸,LIKE THIS RYT??,Positive,Positive
08/04/25,21:16,Wifeyâ¤ï¸,FER using ViT REFERENCES,Neutral,Neutral
08/04/25,21:17,Wifeyâ¤ï¸,everything is directly going to that page,Neutral,Neutral
08/04/25,21:25,rohxn 03,Fine,Positive,Positive
08/04/25,21:44,Wifeyâ¤ï¸,Ok,Positive,Positive
08/04/25,22:33,Nishita ğŸª°,@916238330557 come tmr at 10:30 to Soef block ground floor,Negative,Negative
08/04/25,22:37,rohxn 03,Reason?,Neutral,Neutral
08/04/25,22:37,Nishita ğŸª°,NOC,Neutral,Neutral
08/04/25,22:37,rohxn 03,She told??,Neutral,Neutral
08/04/25,22:37,Nishita ğŸª°,I called you for something else,Neutral,Neutral
08/04/25,22:37,Nishita ğŸª°,Guna told,Neutral,Neutral
08/04/25,22:37,rohxn 03,Call call,Neutral,Neutral
09/04/25,07:31,rohxn 03,@918799146002 today when ull be free after class hours?,Positive,Positive
09/04/25,10:16,Nishita ğŸª°,U know after lunch ,Neutral,Neutral
09/04/25,10:16,Nishita ğŸª°,Where are you ??,Neutral,Neutral
09/04/25,10:17,Wifeyâ¤ï¸,<Media omitted>,Neutral,Neutral
09/04/25,10:24,Nishita ğŸª°,Don't send voice message ,Neutral,Neutral
09/04/25,10:24,Wifeyâ¤ï¸,It's okay after your class listem,Positive,Positive
09/04/25,10:24,Wifeyâ¤ï¸,urgent illaaa,Positive,Positive
09/04/25,10:24,Nishita ğŸª°,Where are you now ??,Neutral,Neutral
09/04/25,10:25,Wifeyâ¤ï¸,Classroom,Neutral,Neutral
09/04/25,10:25,Nishita ğŸª°,Should we go to Shruti now ??,Neutral,Neutral
09/04/25,10:26,Wifeyâ¤ï¸,No,Negative,Positive
09/04/25,10:26,Nishita ğŸª°,Ok,Positive,Positive
09/04/25,10:59,Wifeyâ¤ï¸,Where r u both,Neutral,Neutral
09/04/25,10:59,Wifeyâ¤ï¸,Bannii ivagaaa,Neutral,Neutral
09/04/25,11:21,Nishita ğŸª°,This message was deleted,Neutral,Neutral
09/04/25,11:22,Nishita ğŸª°,This message was deleted,Neutral,Neutral
09/04/25,11:42,Nishita ğŸª°,<Media omitted>,Neutral,Neutral
09/04/25,13:54,rohxn 03,@918799146002 When ull come,Neutral,Neutral
09/04/25,13:54,rohxn 03,Mention the time,Neutral,Neutral
09/04/25,13:55,rohxn 03,Then we can go to eat,Neutral,Neutral
09/04/25,13:55,rohxn 03,We have to gaurd the epochs rytğŸ˜­,Negative,Neutral
09/04/25,14:09,Nishita ğŸª°,2:15 I leave,Negative,Negative
09/04/25,14:09,Nishita ğŸª°,In 5 mins I will come okk,Neutral,Neutral
09/04/25,15:42,Nishita ğŸª°,Where are you both ??,Neutral,Neutral
09/04/25,15:42,Nishita ğŸª°,Come fast,Neutral,Neutral
09/04/25,20:00,Nishita ğŸª°,Hey @919663957450 we have a lot of work to do but as we lost a lot of time we couldn't complete it.,Negative,Neutral
09/04/25,20:01,Wifeyâ¤ï¸,outside ahh,Neutral,Neutral
09/04/25,20:01,Wifeyâ¤ï¸,nale holidayyyyyyy,Neutral,Neutral
09/04/25,20:01,Nishita ğŸª°,Yess,Neutral,Neutral
09/04/25,20:02,rohxn 03,Oooooo yas yas,Neutral,Neutral
09/04/25,20:02,Wifeyâ¤ï¸,yen work ide,Neutral,Neutral
09/04/25,20:02,Wifeyâ¤ï¸,nanu maneli modoke agalvaa??,Neutral,Neutral
09/04/25,20:02,rohxn 03,Agallaaa,Neutral,Neutral
09/04/25,20:02,Nishita ğŸª°,Check what I sent to you first then do yessssss,Neutral,Neutral
09/04/25,20:02,rohxn 03,We need 2 laps,Neutral,Neutral
09/04/25,20:02,rohxn 03,That to charging pointu irbekku alvaa,Neutral,Neutral
09/04/25,20:03,Wifeyâ¤ï¸,ayyoo yen madly nanu then,Negative,Negative
09/04/25,20:03,rohxn 03,Haaa okğŸ˜’,Positive,Positive
09/04/25,20:03,rohxn 03,Run around ur home 3 times,Neutral,Neutral
09/04/25,20:03,Wifeyâ¤ï¸,allaa maneli I cant do ahh,Neutral,Neutral
09/04/25,20:03,rohxn 03,ğŸ˜’,Neutral,Neutral
09/04/25,20:03,rohxn 03,U can,Neutral,Neutral
09/04/25,20:03,rohxn 03,This one,Neutral,Neutral
09/04/25,20:03,rohxn 03,Baai ilvaa ath muchkondu baaa,Neutral,Negative
09/04/25,20:04,Wifeyâ¤ï¸,Ayyo howdaa,Neutral,Neutral
09/04/25,20:04,rohxn 03,Ayyuu howduuuğŸ˜,Neutral,Neutral
09/04/25,20:04,Nishita ğŸª°,Only work nothing else otherwise you both only go,Neutral,Neutral
09/04/25,20:04,Wifeyâ¤ï¸,Where to,Neutral,Neutral
09/04/25,20:04,rohxn 03,<Media omitted>,Neutral,Neutral
09/04/25,20:04,Nishita ğŸª°,That we will decide,Neutral,Neutral
09/04/25,20:04,rohxn 03,Rr mall??,Neutral,Neutral
09/04/25,20:05,Wifeyâ¤ï¸,Ooo,Neutral,Neutral
09/04/25,20:05,rohxn 03,ooO,Neutral,Neutral
09/04/25,20:05,Wifeyâ¤ï¸,ğŸ™„,Neutral,Neutral
09/04/25,20:06,Nishita ğŸª°,I will literally slap you ğŸ˜¤,Positive,Neutral
09/04/25,20:06,Wifeyâ¤ï¸,Time???,Neutral,Neutral
09/04/25,20:06,Nishita ğŸª°,Sir will only tell ??,Neutral,Neutral
09/04/25,20:07,rohxn 03,Belegeee 10 30 then only these shops will open ryt,Neutral,Neutral
09/04/25,20:07,rohxn 03,But even if we go to mall charging points irbekku alvaa,Neutral,Neutral
09/04/25,20:07,rohxn 03,Especially nishitas lap,Neutral,Positive
09/04/25,20:07,Wifeyâ¤ï¸,California burrito alli ide,Neutral,Neutral
09/04/25,20:07,Wifeyâ¤ï¸,Charging point,Neutral,Neutral
09/04/25,20:07,rohxn 03,But we cant spent a whole day in there,Neutral,Neutral
09/04/25,20:07,Wifeyâ¤ï¸,Under table only it is there,Neutral,Neutral
09/04/25,20:08,Wifeyâ¤ï¸,Adee.... Soo wt todo,Neutral,Negative
09/04/25,20:08,rohxn 03,Noon alli we ll go to eat ryt,Neutral,Neutral
09/04/25,20:08,rohxn 03,Before that nishitaaaa.....,Neutral,Neutral
09/04/25,20:08,Nishita ğŸª°,Then what you will go for shopping or what ??,Neutral,Neutral
09/04/25,20:08,rohxn 03,If ur lap is full charge how many hours we get,Neutral,Neutral
09/04/25,20:08,rohxn 03,Ayyoooo bvc r u planning to sit in CB for entire day,Neutral,Neutral
09/04/25,20:08,Nishita ğŸª°,Max to max 3 hrs,Neutral,Neutral
09/04/25,20:09,rohxn 03,U be a worker nishita,Neutral,Neutral
09/04/25,20:09,rohxn 03,Clean all the tavles while we chargeğŸ¤¨,Positive,Positive
09/04/25,20:09,rohxn 03,Shit!!,Negative,Negative
09/04/25,20:09,rohxn 03,Lulu???,Neutral,Neutral
09/04/25,20:09,rohxn 03,Charging ports idyaaa,Neutral,Neutral
09/04/25,20:09,Nishita ğŸª°,It will be very far da ??,Neutral,Neutral
09/04/25,20:10,Nishita ğŸª°,Should we search for some cyber cafe ??,Neutral,Neutral
09/04/25,20:10,rohxn 03,Should i bring my extention board,Neutral,Neutral
09/04/25,20:10,rohxn 03,I have one,Neutral,Neutral
09/04/25,20:10,rohxn 03,Cyberaaaa,Neutral,Neutral
09/04/25,20:10,rohxn 03,Why,Neutral,Neutral
09/04/25,20:11,Nishita ğŸª°,There we can sit for the whole day ??,Neutral,Neutral
09/04/25,20:11,rohxn 03,Really?,Neutral,Neutral
09/04/25,20:11,Nishita ğŸª°,I think so,Neutral,Neutral
09/04/25,20:11,rohxn 03,Where are they situated,Neutral,Neutral
09/04/25,20:11,Nishita ğŸª°,Idk we need to search,Negative,Neutral
09/04/25,20:11,rohxn 03,Allaaa here library open aagalvaa??,Neutral,Neutral
09/04/25,20:12,Nishita ğŸª°,Maybe it will be but you can only go I think so,Neutral,Neutral
09/04/25,20:12,Wifeyâ¤ï¸,nale if I come they will not allow me in,Negative,Neutral
09/04/25,20:13,rohxn 03,Who will not allow u whereğŸ¤¨,Negative,Neutral
09/04/25,20:13,Wifeyâ¤ï¸,college,Neutral,Neutral
09/04/25,20:13,Nishita ğŸª°,Security idoits,Positive,Positive
09/04/25,20:13,rohxn 03,College Bedaa then,Neutral,Neutral
09/04/25,20:13,Wifeyâ¤ï¸,ahhh,Neutral,Neutral
09/04/25,20:13,rohxn 03,But where can we sit and work,Neutral,Neutral
09/04/25,20:13,Wifeyâ¤ï¸,i really donno eeeeeeeee,Neutral,Positive
09/04/25,20:14,Nishita ğŸª°,Rohan u went to cb right ?? What time ??,Neutral,Neutral
09/04/25,20:14,rohxn 03,This time only,Neutral,Neutral
09/04/25,20:14,rohxn 03,We can go there,Neutral,Neutral
09/04/25,20:14,rohxn 03,But how can we sit there for hours without ordering anything,Neutral,Neutral
09/04/25,20:15,rohxn 03,@919663957450 Telk ur amma or appa naale some registration ide so u need 300,Neutral,Neutral
09/04/25,20:15,Wifeyâ¤ï¸,adhu nija,Neutral,Neutral
09/04/25,20:15,rohxn 03,We need to eat,Neutral,Neutral
09/04/25,20:15,Wifeyâ¤ï¸,ahh,Neutral,Neutral
09/04/25,20:15,Nishita ğŸª°,Ya that is for sure we need to,Positive,Neutral
09/04/25,20:16,rohxn 03,<Media omitted>,Neutral,Neutral
09/04/25,20:16,Wifeyâ¤ï¸,ahh i will ask,Neutral,Neutral
09/04/25,20:16,Wifeyâ¤ï¸,let me see,Neutral,Positive
09/04/25,20:17,Nishita ğŸª°,Okk,Neutral,Neutral
09/04/25,20:17,rohxn 03,See allaa do,Neutral,Neutral
09/04/25,20:17,Nishita ğŸª°,ğŸ¤£ğŸ¤£,Positive,Neutral
09/04/25,20:17,Wifeyâ¤ï¸,ğŸ™„ğŸ™„,Neutral,Neutral
09/04/25,20:22,rohxn 03,ğŸ˜,Positive,Neutral
09/04/25,20:23,Wifeyâ¤ï¸,ookok,Neutral,Neutral
09/04/25,20:39,Nishita ğŸª°,@916238330557 is this correct ??,Neutral,Neutral
09/04/25,20:39,Nishita ğŸª°,<Media omitted>,Neutral,Neutral
09/04/25,21:26,rohxn 03,<Media omitted>,Neutral,Neutral
09/04/25,21:33,rohxn 03,@918799146002 create a gmeet for 10 30 if u both are free ok,Positive,Positive
09/04/25,21:33,rohxn 03,And @919663957450 U,Neutral,Neutral
09/04/25,21:36,Wifeyâ¤ï¸,10.30,Neutral,Neutral
09/04/25,21:36,Wifeyâ¤ï¸,Ah,Neutral,Neutral
09/04/25,21:36,Wifeyâ¤ï¸,This message was deleted,Neutral,Neutral
09/04/25,21:47,Wifeyâ¤ï¸,Send the ipynb file if u done !,Neutral,Neutral
09/04/25,22:08,rohxn 03,Maribeda ok,Positive,Positive
09/04/25,22:09,rohxn 03,Take ur time and do,Neutral,Neutral
09/04/25,22:13,Nishita ğŸª°,Hmm,Neutral,Neutral
09/04/25,22:13,Nishita ğŸª°,Now I am eating,Neutral,Neutral
09/04/25,22:14,Nishita ğŸª°,Can we do gmeet at 10:45 or people start at 10:30 I will join later ??,Positive,Positive
09/04/25,22:14,Nishita ğŸª°,https://meet.google.com/mod-wvym-hvg,Neutral,Neutral
09/04/25,22:14,rohxn 03,No u come when u done,Negative,Negative
09/04/25,22:14,rohxn 03,And u too @919663957450,Neutral,Neutral
09/04/25,22:15,Nishita ğŸª°,Okk,Neutral,Neutral
09/04/25,22:15,rohxn 03,But don't be too late,Neutral,Neutral
09/04/25,22:15,rohxn 03,Thats it,Neutral,Neutral
09/04/25,22:15,Wifeyâ¤ï¸,U ppl joined,Neutral,Neutral
09/04/25,22:46,Wifeyâ¤ï¸,@918799146002  aythaa??? <This message was edited>,Neutral,Neutral
09/04/25,22:46,Wifeyâ¤ï¸,swalpa bega baa,Neutral,Neutral
09/04/25,22:46,Wifeyâ¤ï¸,if everyone sleep I cant talk,Neutral,Neutral
09/04/25,22:49,rohxn 03,When will everyone sleeps??,Neutral,Neutral
09/04/25,22:49,Wifeyâ¤ï¸,they will sleep now,Neutral,Neutral
09/04/25,22:49,Wifeyâ¤ï¸,11 aythu alvaa,Neutral,Neutral
09/04/25,22:49,Wifeyâ¤ï¸,i mean almost,Neutral,Neutral
09/04/25,22:55,rohxn 03,@918799146002,Neutral,Neutral
09/04/25,22:55,rohxn 03,Naale morning meeting is there ok,Positive,Positive
09/04/25,22:55,rohxn 03,Pls dont miss,Positive,Positive
09/04/25,22:55,rohxn 03,Its really urgent,Positive,Positive
09/04/25,22:55,rohxn 03,By 7 yellaru join aagbekku,Positive,Positive
09/04/25,22:55,rohxn 03,Its really important,Positive,Positive
09/04/25,22:56,rohxn 03,@918799146002  and @919663957450  u ppl have join without fail,Positive,Positive
09/04/25,22:56,Wifeyâ¤ï¸,ok,Positive,Positive
09/04/25,22:56,Nishita ğŸª°,I came is it possible now,Neutral,Neutral
09/04/25,22:56,rohxn 03,Ammuu??,Neutral,Neutral
09/04/25,22:56,rohxn 03,Is it,Neutral,Neutral
09/04/25,22:56,Wifeyâ¤ï¸,hmmok,Neutral,Neutral
09/04/25,22:57,rohxn 03,I came,Neutral,Neutral
09/04/25,22:58,rohxn 03,We cant hear,Neutral,Neutral
09/04/25,22:58,rohxn 03,A single thing ammu,Neutral,Neutral
09/04/25,23:21,Wifeyâ¤ï¸,Haa,Neutral,Neutral
09/04/25,23:21,Wifeyâ¤ï¸,Assign madi task,Neutral,Neutral
09/04/25,23:21,rohxn 03,Wait,Neutral,Neutral
09/04/25,23:21,Wifeyâ¤ï¸,Let me go sleepğŸ˜,Positive,Positive
09/04/25,23:26,Nishita ğŸª°,<Media omitted>,Neutral,Neutral
09/04/25,23:29,rohxn 03,@919663957450 Tasks,Neutral,Neutral
09/04/25,23:32,Wifeyâ¤ï¸,Okayy,Neutral,Neutral
09/04/25,23:33,rohxn 03,@918799146002 Tasks,Neutral,Neutral
09/04/25,23:35,rohxn 03,@919663957450 Task 4 and @918799146002 Task 3 ,Neutral,Neutral
10/04/25,09:44,rohxn 03,<Media omitted>,Neutral,Neutral
10/04/25,09:44,rohxn 03,Sunil sir,Neutral,Neutral
10/04/25,10:02,Wifeyâ¤ï¸,@918799146002 When ur planning to leave,Negative,Positive
10/04/25,10:29,Nishita ğŸª°,I will leave pg by 10:45,Negative,Negative
10/04/25,10:30,Nishita ğŸª°,@916238330557 bring my parcel with you don't forget,Positive,Neutral
10/04/25,10:35,rohxn 03,No i wont,Negative,Negative
10/04/25,10:35,rohxn 03,Leave at 11,Negative,Negative
10/04/25,10:35,rohxn 03,I want to bath,Positive,Positive
10/04/25,10:36,Nishita ğŸª°,Y ğŸ˜¡,Neutral,Neutral
10/04/25,10:36,Nishita ğŸª°,Ok but it will take me time to reach the metro station ok,Positive,Positive
10/04/25,10:49,rohxn 03,Leave leave leave,Negative,Negative
10/04/25,10:49,rohxn 03,Im all ready,Positive,Neutral
10/04/25,10:49,Wifeyâ¤ï¸,Im leaving noe,Neutral,Neutral
10/04/25,10:49,Wifeyâ¤ï¸,Now,Neutral,Neutral
10/04/25,10:49,Wifeyâ¤ï¸,Appa will drop me till college,Negative,Neutral
10/04/25,10:50,Wifeyâ¤ï¸,@918799146002  be in front of college okay appa will be there he have to believe college is there antha sooo,Positive,Positive
10/04/25,10:50,rohxn 03,Then leave after 10 min ammu,Negative,Negative
10/04/25,10:50,rohxn 03,She have to be in main gate,Neutral,Neutral
10/04/25,10:51,rohxn 03,Appa make make u reacg within few minutes,Neutral,Neutral
10/04/25,10:51,Wifeyâ¤ï¸,It's okay by the time I reach she will be there,Positive,Positive
10/04/25,10:53,Nishita ğŸª°,I am leaving,Neutral,Neutral
10/04/25,10:59,Nishita ğŸª°,This message was deleted,Neutral,Neutral
10/04/25,11:02,Nishita ğŸª°,I reached where are you both ??,Positive,Neutral
10/04/25,11:07,rohxn 03,Main gate,Neutral,Neutral
10/04/25,11:42,Wifeyâ¤ï¸,https://www.youtube.com/watch?v=rJqP5EesxLk&list=PLGUw8UNswJEOv8c5ZcoHarbON6mIEUFBC,Neutral,Neutral
10/04/25,12:13,Wifeyâ¤ï¸,<Media omitted>,Neutral,Neutral
10/04/25,13:13,Nishita ğŸª°,This message was deleted,Neutral,Neutral
10/04/25,13:24,Nishita ğŸª°,"# Input data files are available in the ""../input/"" directory.",Neutral,Neutral
10/04/25,13:30,Nishita ğŸª°,<Media omitted>,Neutral,Neutral
10/04/25,13:38,Wifeyâ¤ï¸,<Media omitted>,Neutral,Neutral
10/04/25,13:39,Nishita ğŸª°,<Media omitted>,Neutral,Neutral
10/04/25,13:44,rohxn 03,Now combine both in a single image,Neutral,Neutral
10/04/25,13:47,Nishita ğŸª°,<Media omitted>,Neutral,Neutral
10/04/25,13:49,rohxn 03,What graph is prefereble?,Neutral,Neutral
10/04/25,13:49,Nishita ğŸª°,Line plot what you say ??,Neutral,Neutral
10/04/25,13:56,Wifeyâ¤ï¸,<Media omitted>,Neutral,Neutral
10/04/25,14:02,Wifeyâ¤ï¸,<Media omitted>,Neutral,Neutral
10/04/25,14:02,Wifeyâ¤ï¸,<Media omitted>,Neutral,Neutral
10/04/25,14:22,rohxn 03,<Media omitted>,Neutral,Neutral
10/04/25,14:23,Nishita ğŸª°,I have seen this ğŸ¤£ğŸ¤£,Positive,Neutral
10/04/25,15:18,Wifeyâ¤ï¸,10.1109/TAFFC.2022.3226473,Neutral,Neutral
10/04/25,16:01,Nishita ğŸª°,import numpy as np,Positive,Positive
10/04/25,16:21,Nishita ğŸª°,import torch,Neutral,Neutral
10/04/25,16:55,Wifeyâ¤ï¸,<Media omitted>,Neutral,Neutral
10/04/25,16:56,rohxn 03,Guys finally we sexessfully finished our ml algorithm project,Neutral,Neutral
10/04/25,16:57,rohxn 03,@916364562073 here everything is there ,Neutral,Neutral
10/04/25,17:06,Gass,Ok,Positive,Positive
10/04/25,21:34,rohxn 03,@919663957450 I might need ur lap tomorrow,Neutral,Neutral
10/04/25,21:35,rohxn 03,Either talk to appa and stay with me till 8 or 9,Neutral,Neutral
10/04/25,21:40,Wifeyâ¤ï¸,8 or 9,Neutral,Neutral
10/04/25,21:40,Wifeyâ¤ï¸,Ahh,Neutral,Neutral
10/04/25,21:44,rohxn 03,1. Give the lap and leave at 5,Negative,Negative
10/04/25,22:16,Nishita ğŸª°,For what you need ??,Neutral,Neutral
10/04/25,22:26,rohxn 03,Gaming and nlp,Neutral,Neutral
10/04/25,22:26,Nishita ğŸª°,R u free ??,Positive,Positive
10/04/25,22:27,rohxn 03,Yasss,Neutral,Neutral
11/04/25,20:52,Nishita ğŸª°,@916238330557 and @919663957450 tmr my elective class is till 12 okk,Neutral,Neutral
11/04/25,20:52,Wifeyâ¤ï¸,ha okay pa,Positive,Positive
11/04/25,20:56,rohxn 03,We will leave at 1 15,Negative,Negative
11/04/25,20:57,Wifeyâ¤ï¸,okkkkkkkkkk,Neutral,Neutral
11/04/25,20:57,Nishita ğŸª°,Okkk,Neutral,Neutral
11/04/25,20:57,Nishita ğŸª°,@916238330557 Vidith is saying he can't add us to grp,Neutral,Neutral
11/04/25,20:57,Nishita ğŸª°,So @919663957450 ask Sir for the grp link,Neutral,Neutral
11/04/25,20:57,rohxn 03,Ok,Positive,Positive
12/04/25,08:04,rohxn 03,@918799146002 Dont forget gum and ur laptop,Positive,Positive
12/04/25,08:40,Nishita ğŸª°,Ok,Positive,Positive
12/04/25,09:26,Wifeyâ¤ï¸,@918799146002 where are you,Neutral,Neutral
12/04/25,10:14,Nishita ğŸª°,I came now to clg,Neutral,Neutral
12/04/25,10:14,Nishita ğŸª°,Where are you ??,Neutral,Neutral
12/04/25,10:14,Nishita ğŸª°,I am going class,Neutral,Neutral
12/04/25,10:22,Wifeyâ¤ï¸,"Yes, for this lab I have only made a single report",Positive,Positive
12/04/25,10:22,Wifeyâ¤ï¸,Yes I have mentioned all the topics in a single report,Positive,Positive
12/04/25,10:22,Wifeyâ¤ï¸,Thera is only two main topic shap and lime,Neutral,Neutral
12/04/25,10:22,Wifeyâ¤ï¸,ohh okay okay only this much is enough ryt,Positive,Positive
12/04/25,10:22,Wifeyâ¤ï¸,Yes,Positive,Positive
12/04/25,10:22,Wifeyâ¤ï¸,there is no need to do 6 records and all,Negative,Positive
12/04/25,10:22,Wifeyâ¤ï¸,I don't think so,Neutral,Neutral
12/04/25,10:22,Wifeyâ¤ï¸,<Media omitted>,Neutral,Neutral
12/04/25,10:23,Wifeyâ¤ï¸,i asked Yashwant like for the lab 9 should we prepare  lab records for each file and he sent this,Positive,Positive
12/04/25,10:23,Wifeyâ¤ï¸,soo can i also do this,Neutral,Neutral
12/04/25,10:24,Wifeyâ¤ï¸,or i should make lab records for each file,Neutral,Neutral
12/04/25,10:25,Nishita ğŸª°,As you think but it mentions only about 2 things only not the other activities,Neutral,Neutral
12/04/25,10:26,Nishita ğŸª°,We have done for text and something else also,Neutral,Neutral
12/04/25,10:26,Wifeyâ¤ï¸,how u did records for each file u done??,Neutral,Neutral
12/04/25,10:26,Nishita ğŸª°,Not yet still doing ,Neutral,Neutral
12/04/25,10:26,Nishita ğŸª°,Where are you??,Neutral,Neutral
12/04/25,10:26,Wifeyâ¤ï¸,lh4,Neutral,Neutral
12/04/25,10:27,Wifeyâ¤ï¸,sorry LH3,Negative,Negative
12/04/25,10:27,Nishita ğŸª°,U need laptop ??,Neutral,Neutral
12/04/25,10:27,Wifeyâ¤ï¸,illaa im doing but im confused how to do the record antahaa,Negative,Negative
12/04/25,10:28,Nishita ğŸª°,Like how we did for lab 4,Positive,Neutral
12/04/25,10:29,Wifeyâ¤ï¸,ahh like part a .b. c d like taht till 6 files ryt,Positive,Positive
12/04/25,10:32,Nishita ğŸª°,Yess,Neutral,Neutral
12/04/25,10:32,Nishita ğŸª°,When will you the game ??,Neutral,Neutral
12/04/25,10:38,rohxn 03,When im in the gameğŸ˜,Neutral,Neutral
12/04/25,10:39,Nishita ğŸª°,Ayoo karma ve,Neutral,Positive
12/04/25,10:39,Nishita ğŸª°,I am asking when will you do antha ?,Neutral,Neutral
12/04/25,11:45,rohxn 03,Lets seeeeee,Neutral,Neutral
12/04/25,20:21,Wifeyâ¤ï¸,null,Neutral,Neutral
12/04/25,20:21,Wifeyâ¤ï¸,<Media omitted>,Neutral,Neutral
12/04/25,20:21,Wifeyâ¤ï¸,<Media omitted>,Neutral,Neutral
12/04/25,20:21,Wifeyâ¤ï¸,<Media omitted>,Neutral,Neutral
12/04/25,20:21,Wifeyâ¤ï¸,<Media omitted>,Neutral,Neutral
12/04/25,20:21,Wifeyâ¤ï¸,<Media omitted>,Neutral,Neutral
12/04/25,20:21,Wifeyâ¤ï¸,<Media omitted>,Neutral,Neutral
12/04/25,20:21,Wifeyâ¤ï¸,<Media omitted>,Neutral,Neutral
12/04/25,20:21,Wifeyâ¤ï¸,<Media omitted>,Neutral,Neutral
12/04/25,20:21,Wifeyâ¤ï¸,<Media omitted>,Neutral,Neutral
12/04/25,20:21,Wifeyâ¤ï¸,<Media omitted>,Neutral,Neutral
12/04/25,20:21,Wifeyâ¤ï¸,<Media omitted>,Neutral,Neutral
12/04/25,20:21,Wifeyâ¤ï¸,<Media omitted>,Neutral,Neutral
12/04/25,20:21,Wifeyâ¤ï¸,<Media omitted>,Neutral,Neutral
12/04/25,20:21,Wifeyâ¤ï¸,<Media omitted>,Neutral,Neutral
12/04/25,20:21,Wifeyâ¤ï¸,<Media omitted>,Neutral,Neutral
12/04/25,20:21,Wifeyâ¤ï¸,<Media omitted>,Neutral,Neutral
12/04/25,20:29,rohxn 03,"Minors work thumba ide, im thinking how can i come naaleğŸ˜­",Negative,Negative
12/04/25,20:29,Wifeyâ¤ï¸,It's okay,Positive,Positive
12/04/25,20:29,Wifeyâ¤ï¸,We will finish this soon,Neutral,Neutral
12/04/25,20:46,rohxn 03,WhennnnnnnğŸ˜­ğŸ˜­,Negative,Neutral
12/04/25,21:54,Wifeyâ¤ï¸,Hey,Neutral,Neutral
12/04/25,21:54,Wifeyâ¤ï¸,Tomorrow at what time we have to be there???,Neutral,Neutral
12/04/25,21:55,Wifeyâ¤ï¸,Just txt I'm going to sleep nowğŸ™‚,Positive,Neutral
13/04/25,10:15,rohxn 03,ML Algorithm tasks:,Neutral,Neutral
13/04/25,10:15,rohxn 03,"I hope I've included everything, if not pls do let me know",Positive,Positive
13/04/25,10:18,Nishita ğŸª°,For plagiarism we need to check with small se tools ?? Or any other ??,Neutral,Neutral
13/04/25,10:19,rohxn 03,Small se tool u try,Neutral,Neutral
13/04/25,10:19,rohxn 03,Small se helps to find from internet,Positive,Neutral
13/04/25,10:19,rohxn 03,We will try,Neutral,Neutral
13/04/25,10:20,Nishita ğŸª°,Then for the constitution we used that one ??,Neutral,Neutral
13/04/25,10:20,rohxn 03,@919663957450 Put our research paper in both small se tool and zero gpt and take a ss analytics and sent in grp,Neutral,Neutral
13/04/25,10:20,rohxn 03,Yeah,Positive,Positive
13/04/25,11:54,Wifeyâ¤ï¸,"lab record till 8 everything finished ,,  lab 9 and 10 is left that's it",Neutral,Neutral
13/04/25,11:55,Wifeyâ¤ï¸,code file I will send u,Neutral,Neutral
13/04/25,11:55,Wifeyâ¤ï¸,9 and 10,Neutral,Neutral
